,loss,learning_rate,epoch,step,eval_loss,eval_runtime,eval_samples_per_second,eval_steps_per_second,train_runtime,train_samples_per_second,train_steps_per_second,total_flos,train_loss
0,2.6172,0.0001,0.0,1,,,,,,,,,
1,2.5718,0.0002,0.01,2,,,,,,,,,
2,2.0578,0.00019988186650915534,0.01,3,,,,,,,,,
3,2.5593,0.0001997637330183107,0.01,4,,,,,,,,,
4,4.1243,0.00019964559952746603,0.01,5,,,,,,,,,
5,2.6048,0.0001995274660366214,0.02,6,,,,,,,,,
6,2.3686,0.00019940933254577675,0.02,7,,,,,,,,,
7,2.4983,0.00019929119905493208,0.02,8,,,,,,,,,
8,2.3345,0.00019917306556408744,0.03,9,,,,,,,,,
9,2.3358,0.00019905493207324277,0.03,10,,,,,,,,,
10,2.1297,0.0001989367985823981,0.03,11,,,,,,,,,
11,1.9368,0.00019881866509155347,0.04,12,,,,,,,,,
12,1.8381,0.0001987005316007088,0.04,13,,,,,,,,,
13,1.8356,0.00019858239810986416,0.04,14,,,,,,,,,
14,10.8261,0.0001984642646190195,0.04,15,,,,,,,,,
15,16.2176,0.00019834613112817485,0.05,16,,,,,,,,,
16,10.9439,0.0001982279976373302,0.05,17,,,,,,,,,
17,12.3812,0.00019810986414648554,0.05,18,,,,,,,,,
18,11.6142,0.0001979917306556409,0.06,19,,,,,,,,,
19,11.0345,0.00019787359716479623,0.06,20,,,,,,,,,
20,7.7376,0.00019775546367395156,0.06,21,,,,,,,,,
21,4.8577,0.00019763733018310692,0.06,22,,,,,,,,,
22,4.2127,0.00019751919669226225,0.07,23,,,,,,,,,
23,3.2235,0.0001974010632014176,0.07,24,,,,,,,,,
24,3.3366,0.00019728292971057297,0.07,25,,,,,,,,,
25,6.9179,0.0001971647962197283,0.08,26,,,,,,,,,
26,7.1127,0.00019704666272888366,0.08,27,,,,,,,,,
27,9.4378,0.000196928529238039,0.08,28,,,,,,,,,
28,9.0647,0.00019681039574719433,0.09,29,,,,,,,,,
29,7.5654,0.0001966922622563497,0.09,30,,,,,,,,,
30,9.5758,0.00019657412876550502,0.09,31,,,,,,,,,
31,7.0171,0.00019645599527466038,0.09,32,,,,,,,,,
32,6.7715,0.00019633786178381574,0.1,33,,,,,,,,,
33,6.5282,0.00019621972829297107,0.1,34,,,,,,,,,
34,6.422,0.00019610159480212643,0.1,35,,,,,,,,,
35,5.941,0.00019598346131128176,0.11,36,,,,,,,,,
36,6.0757,0.0001958653278204371,0.11,37,,,,,,,,,
37,5.6238,0.00019574719432959245,0.11,38,,,,,,,,,
38,5.6723,0.00019562906083874778,0.11,39,,,,,,,,,
39,5.4688,0.00019551092734790314,0.12,40,,,,,,,,,
40,4.8942,0.00019539279385705847,0.12,41,,,,,,,,,
41,4.1347,0.00019527466036621383,0.12,42,,,,,,,,,
42,3.5532,0.0001951565268753692,0.13,43,,,,,,,,,
43,27.4556,0.00019503839338452453,0.13,44,,,,,,,,,
44,2.9996,0.00019492025989367986,0.13,45,,,,,,,,,
45,2.7447,0.00019480212640283522,0.14,46,,,,,,,,,
46,2.3863,0.00019468399291199055,0.14,47,,,,,,,,,
47,2.2241,0.0001945658594211459,0.14,48,,,,,,,,,
48,2.167,0.00019444772593030124,0.14,49,,,,,,,,,
49,2.0702,0.0001943295924394566,0.15,50,,,,,,,,,
50,2.0466,0.00019421145894861196,0.15,51,,,,,,,,,
51,2.0534,0.0001940933254577673,0.15,52,,,,,,,,,
52,2.0288,0.00019397519196692265,0.16,53,,,,,,,,,
53,1.7554,0.00019385705847607798,0.16,54,,,,,,,,,
54,1.7941,0.0001937389249852333,0.16,55,,,,,,,,,
55,1.7753,0.00019362079149438867,0.16,56,,,,,,,,,
56,1.7497,0.000193502658003544,0.17,57,,,,,,,,,
57,1.6827,0.00019338452451269934,0.17,58,,,,,,,,,
58,1.8117,0.0001932663910218547,0.17,59,,,,,,,,,
59,1.6784,0.00019314825753101005,0.18,60,,,,,,,,,
60,1.7051,0.00019303012404016541,0.18,61,,,,,,,,,
61,1.6386,0.00019291199054932075,0.18,62,,,,,,,,,
62,1.7034,0.00019279385705847608,0.19,63,,,,,,,,,
63,1.6291,0.00019267572356763144,0.19,64,,,,,,,,,
64,1.7276,0.00019255759007678677,0.19,65,,,,,,,,,
65,1.7502,0.0001924394565859421,0.19,66,,,,,,,,,
66,1.7064,0.00019232132309509746,0.2,67,,,,,,,,,
67,1.5879,0.00019220318960425282,0.2,68,,,,,,,,,
68,1.617,0.00019208505611340818,0.2,69,,,,,,,,,
69,1.5625,0.0001919669226225635,0.21,70,,,,,,,,,
70,1.6431,0.00019184878913171884,0.21,71,,,,,,,,,
71,1.6772,0.0001917306556408742,0.21,72,,,,,,,,,
72,1.5874,0.00019161252215002953,0.21,73,,,,,,,,,
73,1.5894,0.0001914943886591849,0.22,74,,,,,,,,,
74,1.5227,0.00019137625516834023,0.22,75,,,,,,,,,
75,1.6626,0.00019125812167749558,0.22,76,,,,,,,,,
76,1.4565,0.00019113998818665094,0.23,77,,,,,,,,,
77,1.3821,0.00019102185469580628,0.23,78,,,,,,,,,
78,1.6778,0.0001909037212049616,0.23,79,,,,,,,,,
79,1.5617,0.00019078558771411697,0.24,80,,,,,,,,,
80,1.6062,0.0001906674542232723,0.24,81,,,,,,,,,
81,1.4872,0.00019054932073242766,0.24,82,,,,,,,,,
82,1.5231,0.000190431187241583,0.24,83,,,,,,,,,
83,1.5018,0.00019031305375073832,0.25,84,,,,,,,,,
84,1.4808,0.00019019492025989368,0.25,85,,,,,,,,,
85,1.5492,0.00019007678676904904,0.25,86,,,,,,,,,
86,1.5259,0.0001899586532782044,0.26,87,,,,,,,,,
87,1.5297,0.00018984051978735973,0.26,88,,,,,,,,,
88,1.6327,0.00018972238629651506,0.26,89,,,,,,,,,
89,1.5878,0.00018960425280567042,0.27,90,,,,,,,,,
90,1.4398,0.00018948611931482576,0.27,91,,,,,,,,,
91,1.4982,0.0001893679858239811,0.27,92,,,,,,,,,
92,1.5413,0.00018924985233313645,0.27,93,,,,,,,,,
93,1.5885,0.0001891317188422918,0.28,94,,,,,,,,,
94,1.4729,0.00018901358535144716,0.28,95,,,,,,,,,
95,1.4631,0.0001888954518606025,0.28,96,,,,,,,,,
96,1.5253,0.00018877731836975783,0.29,97,,,,,,,,,
97,1.4015,0.0001886591848789132,0.29,98,,,,,,,,,
98,1.3999,0.00018854105138806852,0.29,99,,,,,,,,,
99,1.4687,0.00018842291789722388,0.29,100,,,,,,,,,
100,1.3609,0.0001883047844063792,0.3,101,,,,,,,,,
101,1.322,0.00018818665091553457,0.3,102,,,,,,,,,
102,1.433,0.00018806851742468993,0.3,103,,,,,,,,,
103,1.475,0.00018795038393384526,0.31,104,,,,,,,,,
104,1.3763,0.0001878322504430006,0.31,105,,,,,,,,,
105,1.4567,0.00018771411695215595,0.31,106,,,,,,,,,
106,1.5061,0.00018759598346131128,0.32,107,,,,,,,,,
107,1.3075,0.00018747784997046664,0.32,108,,,,,,,,,
108,1.4832,0.00018735971647962198,0.32,109,,,,,,,,,
109,1.3004,0.0001872415829887773,0.32,110,,,,,,,,,
110,1.3953,0.00018712344949793267,0.33,111,,,,,,,,,
111,1.2742,0.00018700531600708803,0.33,112,,,,,,,,,
112,1.3857,0.00018688718251624336,0.33,113,,,,,,,,,
113,1.1876,0.00018676904902539872,0.34,114,,,,,,,,,
114,1.1809,0.00018665091553455405,0.34,115,,,,,,,,,
115,1.451,0.0001865327820437094,0.34,116,,,,,,,,,
116,1.2149,0.00018641464855286474,0.34,117,,,,,,,,,
117,1.4065,0.00018629651506202007,0.35,118,,,,,,,,,
118,1.3785,0.00018617838157117543,0.35,119,,,,,,,,,
119,1.1827,0.0001860602480803308,0.35,120,,,,,,,,,
120,1.2564,0.00018594211458948615,0.36,121,,,,,,,,,
121,1.2285,0.00018582398109864148,0.36,122,,,,,,,,,
122,1.3947,0.00018570584760779681,0.36,123,,,,,,,,,
123,1.3131,0.00018558771411695217,0.37,124,,,,,,,,,
124,1.4189,0.0001854695806261075,0.37,125,,,,,,,,,
125,1.2638,0.00018535144713526284,0.37,126,,,,,,,,,
126,1.367,0.0001852333136444182,0.37,127,,,,,,,,,
127,1.2489,0.00018511518015357353,0.38,128,,,,,,,,,
128,1.4563,0.0001849970466627289,0.38,129,,,,,,,,,
129,1.1758,0.00018487891317188425,0.38,130,,,,,,,,,
130,1.1194,0.00018476077968103958,0.39,131,,,,,,,,,
131,1.4035,0.00018464264619019494,0.39,132,,,,,,,,,
132,1.2265,0.00018452451269935027,0.39,133,,,,,,,,,
133,1.1823,0.00018440637920850563,0.39,134,,,,,,,,,
134,1.2814,0.00018428824571766096,0.4,135,,,,,,,,,
135,1.2019,0.0001841701122268163,0.4,136,,,,,,,,,
136,1.292,0.00018405197873597165,0.4,137,,,,,,,,,
137,1.33,0.000183933845245127,0.41,138,,,,,,,,,
138,1.1929,0.00018381571175428234,0.41,139,,,,,,,,,
139,1.3318,0.0001836975782634377,0.41,140,,,,,,,,,
140,1.3287,0.00018357944477259304,0.42,141,,,,,,,,,
141,1.2458,0.0001834613112817484,0.42,142,,,,,,,,,
142,1.226,0.00018334317779090373,0.42,143,,,,,,,,,
143,1.0077,0.00018322504430005906,0.42,144,,,,,,,,,
144,1.153,0.00018310691080921442,0.43,145,,,,,,,,,
145,1.2404,0.00018298877731836978,0.43,146,,,,,,,,,
146,1.1614,0.0001828706438275251,0.43,147,,,,,,,,,
147,1.1653,0.00018275251033668047,0.44,148,,,,,,,,,
148,1.0919,0.0001826343768458358,0.44,149,,,,,,,,,
149,1.0275,0.00018251624335499116,0.44,150,,,,,,,,,
150,1.123,0.0001823981098641465,0.44,151,,,,,,,,,
151,1.1584,0.00018227997637330182,0.45,152,,,,,,,,,
152,1.1348,0.00018216184288245718,0.45,153,,,,,,,,,
153,1.0395,0.00018204370939161251,0.45,154,,,,,,,,,
154,1.2663,0.00018192557590076787,0.46,155,,,,,,,,,
155,1.0988,0.00018180744240992323,0.46,156,,,,,,,,,
156,1.0144,0.00018168930891907857,0.46,157,,,,,,,,,
157,1.1056,0.00018157117542823392,0.47,158,,,,,,,,,
158,1.1619,0.00018145304193738926,0.47,159,,,,,,,,,
159,0.9845,0.0001813349084465446,0.47,160,,,,,,,,,
160,1.1552,0.00018121677495569995,0.47,161,,,,,,,,,
161,0.9862,0.00018109864146485528,0.48,162,,,,,,,,,
162,1.1863,0.00018098050797401064,0.48,163,,,,,,,,,
163,0.9966,0.000180862374483166,0.48,164,,,,,,,,,
164,1.1063,0.00018074424099232133,0.49,165,,,,,,,,,
165,1.0662,0.0001806261075014767,0.49,166,,,,,,,,,
166,1.0105,0.00018050797401063202,0.49,167,,,,,,,,,
167,0.9288,0.00018038984051978738,0.49,168,,,,,,,,,
168,1.0014,0.0001802717070289427,0.5,169,,,,,,,,,
169,1.0574,0.00018015357353809804,0.5,170,,,,,,,,,
170,1.1453,0.0001800354400472534,0.5,171,,,,,,,,,
171,0.9502,0.00017991730655640874,0.51,172,,,,,,,,,
172,0.9578,0.0001797991730655641,0.51,173,,,,,,,,,
173,1.1251,0.00017968103957471945,0.51,174,,,,,,,,,
174,1.1107,0.00017956290608387479,0.52,175,,,,,,,,,
175,1.0885,0.00017944477259303015,0.52,176,,,,,,,,,
176,0.9774,0.00017932663910218548,0.52,177,,,,,,,,,
177,0.9236,0.0001792085056113408,0.52,178,,,,,,,,,
178,0.9701,0.00017909037212049617,0.53,179,,,,,,,,,
179,0.9159,0.0001789722386296515,0.53,180,,,,,,,,,
180,1.172,0.00017885410513880686,0.53,181,,,,,,,,,
181,0.9048,0.00017873597164796222,0.54,182,,,,,,,,,
182,0.9931,0.00017861783815711755,0.54,183,,,,,,,,,
183,0.9294,0.0001784997046662729,0.54,184,,,,,,,,,
184,0.8744,0.00017838157117542824,0.54,185,,,,,,,,,
185,1.0072,0.00017826343768458357,0.55,186,,,,,,,,,
186,1.0405,0.00017814530419373893,0.55,187,,,,,,,,,
187,0.9458,0.00017802717070289427,0.55,188,,,,,,,,,
188,0.9828,0.00017790903721204962,0.56,189,,,,,,,,,
189,0.9828,0.00017779090372120498,0.56,190,,,,,,,,,
190,0.7959,0.00017767277023036032,0.56,191,,,,,,,,,
191,0.9345,0.00017755463673951567,0.57,192,,,,,,,,,
192,0.868,0.000177436503248671,0.57,193,,,,,,,,,
193,0.9619,0.00017731836975782634,0.57,194,,,,,,,,,
194,0.8624,0.0001772002362669817,0.57,195,,,,,,,,,
195,0.9665,0.00017708210277613703,0.58,196,,,,,,,,,
196,0.9788,0.0001769639692852924,0.58,197,,,,,,,,,
197,1.0305,0.00017684583579444772,0.58,198,,,,,,,,,
198,1.0447,0.00017672770230360308,0.59,199,,,,,,,,,
199,0.9168,0.00017660956881275844,0.59,200,,,,,,,,,
200,0.8933,0.00017649143532191377,0.59,201,,,,,,,,,
201,0.8279,0.00017637330183106913,0.59,202,,,,,,,,,
202,0.8785,0.00017625516834022446,0.6,203,,,,,,,,,
203,0.7344,0.0001761370348493798,0.6,204,,,,,,,,,
204,0.8873,0.00017601890135853515,0.6,205,,,,,,,,,
205,0.8871,0.00017590076786769049,0.61,206,,,,,,,,,
206,0.881,0.00017578263437684585,0.61,207,,,,,,,,,
207,0.8069,0.0001756645008860012,0.61,208,,,,,,,,,
208,0.7938,0.00017554636739515654,0.62,209,,,,,,,,,
209,0.8416,0.0001754282339043119,0.62,210,,,,,,,,,
210,0.8019,0.00017531010041346723,0.62,211,,,,,,,,,
211,0.8227,0.00017519196692262256,0.62,212,,,,,,,,,
212,0.9812,0.00017507383343177792,0.63,213,,,,,,,,,
213,1.0446,0.00017495569994093325,0.63,214,,,,,,,,,
214,0.7403,0.0001748375664500886,0.63,215,,,,,,,,,
215,0.7525,0.00017471943295924397,0.64,216,,,,,,,,,
216,0.8187,0.0001746012994683993,0.64,217,,,,,,,,,
217,0.82,0.00017448316597755466,0.64,218,,,,,,,,,
218,0.7941,0.00017436503248671,0.64,219,,,,,,,,,
219,0.7723,0.00017424689899586532,0.65,220,,,,,,,,,
220,0.6492,0.00017412876550502068,0.65,221,,,,,,,,,
221,0.7943,0.00017401063201417602,0.65,222,,,,,,,,,
222,0.7543,0.00017389249852333138,0.66,223,,,,,,,,,
223,0.9194,0.0001737743650324867,0.66,224,,,,,,,,,
224,0.8473,0.00017365623154164207,0.66,225,,,,,,,,,
225,0.8005,0.00017353809805079743,0.67,226,,,,,,,,,
226,0.8309,0.00017341996455995276,0.67,227,,,,,,,,,
227,0.8864,0.00017330183106910812,0.67,228,,,,,,,,,
228,0.9025,0.00017318369757826345,0.67,229,,,,,,,,,
229,0.7056,0.00017306556408741878,0.68,230,,,,,,,,,
230,0.9682,0.00017294743059657414,0.68,231,,,,,,,,,
231,0.5985,0.00017282929710572947,0.68,232,,,,,,,,,
232,0.8357,0.00017271116361488483,0.69,233,,,,,,,,,
233,0.5914,0.0001725930301240402,0.69,234,,,,,,,,,
234,0.763,0.00017247489663319552,0.69,235,,,,,,,,,
235,0.7383,0.00017235676314235088,0.7,236,,,,,,,,,
236,0.7724,0.00017223862965150621,0.7,237,,,,,,,,,
237,0.6682,0.00017212049616066155,0.7,238,,,,,,,,,
238,0.7069,0.0001720023626698169,0.7,239,,,,,,,,,
239,0.6986,0.00017188422917897224,0.71,240,,,,,,,,,
240,0.7578,0.00017176609568812757,0.71,241,,,,,,,,,
241,0.9266,0.00017164796219728293,0.71,242,,,,,,,,,
242,0.6852,0.0001715298287064383,0.72,243,,,,,,,,,
243,0.7019,0.00017141169521559365,0.72,244,,,,,,,,,
244,0.6401,0.00017129356172474898,0.72,245,,,,,,,,,
245,0.6415,0.0001711754282339043,0.72,246,,,,,,,,,
246,0.5734,0.00017105729474305967,0.73,247,,,,,,,,,
247,0.6621,0.000170939161252215,0.73,248,,,,,,,,,
248,0.6648,0.00017082102776137036,0.73,249,,,,,,,,,
249,0.6139,0.0001707028942705257,0.74,250,,,,,,,,,
250,0.6989,0.00017058476077968105,0.74,251,,,,,,,,,
251,0.6093,0.0001704666272888364,0.74,252,,,,,,,,,
252,0.6533,0.00017034849379799174,0.75,253,,,,,,,,,
253,0.6926,0.00017023036030714708,0.75,254,,,,,,,,,
254,0.6818,0.00017011222681630243,0.75,255,,,,,,,,,
255,0.6549,0.00016999409332545777,0.75,256,,,,,,,,,
256,0.7341,0.00016987595983461313,0.76,257,,,,,,,,,
257,0.6159,0.00016975782634376846,0.76,258,,,,,,,,,
258,0.8659,0.00016963969285292382,0.76,259,,,,,,,,,
259,0.6474,0.00016952155936207918,0.77,260,,,,,,,,,
260,0.7642,0.0001694034258712345,0.77,261,,,,,,,,,
261,0.597,0.00016928529238038987,0.77,262,,,,,,,,,
262,0.5499,0.0001691671588895452,0.77,263,,,,,,,,,
263,0.5342,0.00016904902539870053,0.78,264,,,,,,,,,
264,0.5721,0.0001689308919078559,0.78,265,,,,,,,,,
265,0.6462,0.00016881275841701122,0.78,266,,,,,,,,,
266,0.6255,0.00016869462492616655,0.79,267,,,,,,,,,
267,0.6987,0.00016857649143532191,0.79,268,,,,,,,,,
268,0.5597,0.00016845835794447727,0.79,269,,,,,,,,,
269,0.6904,0.00016834022445363263,0.8,270,,,,,,,,,
270,0.6418,0.00016822209096278796,0.8,271,,,,,,,,,
271,0.6299,0.0001681039574719433,0.8,272,,,,,,,,,
272,0.594,0.00016798582398109866,0.8,273,,,,,,,,,
273,0.6553,0.000167867690490254,0.81,274,,,,,,,,,
274,0.7876,0.00016774955699940932,0.81,275,,,,,,,,,
275,0.5804,0.00016763142350856468,0.81,276,,,,,,,,,
276,0.6519,0.00016751329001772004,0.82,277,,,,,,,,,
277,0.6698,0.0001673951565268754,0.82,278,,,,,,,,,
278,0.6256,0.00016727702303603073,0.82,279,,,,,,,,,
279,0.5878,0.00016715888954518606,0.82,280,,,,,,,,,
280,0.5442,0.00016704075605434142,0.83,281,,,,,,,,,
281,0.5792,0.00016692262256349675,0.83,282,,,,,,,,,
282,0.7389,0.0001668044890726521,0.83,283,,,,,,,,,
283,0.6285,0.00016668635558180744,0.84,284,,,,,,,,,
284,0.4139,0.00016656822209096278,0.84,285,,,,,,,,,
285,0.585,0.00016645008860011813,0.84,286,,,,,,,,,
286,0.5834,0.0001663319551092735,0.85,287,,,,,,,,,
287,0.4939,0.00016621382161842883,0.85,288,,,,,,,,,
288,0.6294,0.00016609568812758419,0.85,289,,,,,,,,,
289,0.6135,0.00016597755463673952,0.85,290,,,,,,,,,
290,0.6421,0.00016585942114589488,0.86,291,,,,,,,,,
291,0.5098,0.0001657412876550502,0.86,292,,,,,,,,,
292,0.4421,0.00016562315416420554,0.86,293,,,,,,,,,
293,0.5009,0.0001655050206733609,0.87,294,,,,,,,,,
294,0.538,0.00016538688718251626,0.87,295,,,,,,,,,
295,0.6308,0.00016526875369167162,0.87,296,,,,,,,,,
296,0.4607,0.00016515062020082695,0.87,297,,,,,,,,,
297,0.5282,0.00016503248670998228,0.88,298,,,,,,,,,
298,0.6702,0.00016491435321913764,0.88,299,,,,,,,,,
299,0.589,0.00016479621972829297,0.88,300,,,,,,,,,
300,0.5445,0.0001646780862374483,0.89,301,,,,,,,,,
301,0.4831,0.00016455995274660366,0.89,302,,,,,,,,,
302,0.5654,0.00016444181925575902,0.89,303,,,,,,,,,
303,0.4569,0.00016432368576491438,0.9,304,,,,,,,,,
304,0.4677,0.00016420555227406971,0.9,305,,,,,,,,,
305,0.4418,0.00016408741878322505,0.9,306,,,,,,,,,
306,0.4979,0.0001639692852923804,0.9,307,,,,,,,,,
307,0.3799,0.00016385115180153574,0.91,308,,,,,,,,,
308,0.6955,0.0001637330183106911,0.91,309,,,,,,,,,
309,0.4498,0.00016361488481984643,0.91,310,,,,,,,,,
310,0.614,0.00016349675132900176,0.92,311,,,,,,,,,
311,0.4464,0.00016337861783815712,0.92,312,,,,,,,,,
312,0.5487,0.00016326048434731248,0.92,313,,,,,,,,,
313,0.4656,0.0001631423508564678,0.92,314,,,,,,,,,
314,0.556,0.00016302421736562317,0.93,315,,,,,,,,,
315,0.4416,0.0001629060838747785,0.93,316,,,,,,,,,
316,0.5941,0.00016278795038393386,0.93,317,,,,,,,,,
317,0.515,0.0001626698168930892,0.94,318,,,,,,,,,
318,0.5167,0.00016255168340224453,0.94,319,,,,,,,,,
319,0.4175,0.00016243354991139989,0.94,320,,,,,,,,,
320,0.5243,0.00016231541642055524,0.95,321,,,,,,,,,
321,0.4638,0.00016219728292971058,0.95,322,,,,,,,,,
322,0.5073,0.00016207914943886594,0.95,323,,,,,,,,,
323,0.6917,0.00016196101594802127,0.95,324,,,,,,,,,
324,0.6176,0.00016184288245717663,0.96,325,,,,,,,,,
325,0.4435,0.00016172474896633196,0.96,326,,,,,,,,,
326,0.4516,0.0001616066154754873,0.96,327,,,,,,,,,
327,0.4882,0.00016148848198464265,0.97,328,,,,,,,,,
328,0.4244,0.00016137034849379798,0.97,329,,,,,,,,,
329,0.5181,0.00016125221500295337,0.97,330,,,,,,,,,
330,0.3607,0.0001611340815121087,0.97,331,,,,,,,,,
331,0.4574,0.00016101594802126403,0.98,332,,,,,,,,,
332,0.4703,0.0001608978145304194,0.98,333,,,,,,,,,
333,0.5198,0.00016077968103957472,0.98,334,,,,,,,,,
334,0.443,0.00016066154754873006,0.99,335,,,,,,,,,
335,0.4384,0.00016054341405788542,0.99,336,,,,,,,,,
336,0.5183,0.00016042528056704075,0.99,337,,,,,,,,,
337,0.4893,0.0001603071470761961,1.0,338,,,,,,,,,
338,0.481,0.00016018901358535147,1.0,339,,,,,,,,,
339,,,1.0,339,0.384520024061203,386.3962,13.887,1.737,,,,,
340,0.3714,0.0001600708800945068,1.0,340,,,,,,,,,
341,0.2833,0.00015995274660366216,1.0,341,,,,,,,,,
342,0.2217,0.0001598346131128175,1.01,342,,,,,,,,,
343,0.2697,0.00015971647962197285,1.01,343,,,,,,,,,
344,0.2682,0.00015959834613112818,1.01,344,,,,,,,,,
345,0.2863,0.0001594802126402835,1.02,345,,,,,,,,,
346,0.2378,0.00015936207914943887,1.02,346,,,,,,,,,
347,0.2356,0.00015924394565859423,1.02,347,,,,,,,,,
348,0.1898,0.00015912581216774956,1.02,348,,,,,,,,,
349,0.2291,0.00015900767867690492,1.03,349,,,,,,,,,
350,0.2021,0.00015888954518606025,1.03,350,,,,,,,,,
351,0.22,0.0001587714116952156,1.03,351,,,,,,,,,
352,0.2265,0.00015865327820437094,1.04,352,,,,,,,,,
353,0.2561,0.00015853514471352628,1.04,353,,,,,,,,,
354,0.231,0.00015841701122268164,1.04,354,,,,,,,,,
355,0.1891,0.00015829887773183697,1.05,355,,,,,,,,,
356,0.2576,0.00015818074424099233,1.05,356,,,,,,,,,
357,0.2509,0.0001580626107501477,1.05,357,,,,,,,,,
358,0.2431,0.00015794447725930302,1.05,358,,,,,,,,,
359,0.2775,0.00015782634376845838,1.06,359,,,,,,,,,
360,0.2434,0.0001577082102776137,1.06,360,,,,,,,,,
361,0.3336,0.00015759007678676904,1.06,361,,,,,,,,,
362,0.2592,0.0001574719432959244,1.07,362,,,,,,,,,
363,0.2514,0.00015735380980507973,1.07,363,,,,,,,,,
364,0.1831,0.0001572356763142351,1.07,364,,,,,,,,,
365,0.2581,0.00015711754282339045,1.07,365,,,,,,,,,
366,0.3567,0.00015699940933254578,1.08,366,,,,,,,,,
367,0.3126,0.00015688127584170114,1.08,367,,,,,,,,,
368,0.2363,0.00015676314235085647,1.08,368,,,,,,,,,
369,0.2317,0.0001566450088600118,1.09,369,,,,,,,,,
370,0.2066,0.00015652687536916717,1.09,370,,,,,,,,,
371,0.2625,0.0001564087418783225,1.09,371,,,,,,,,,
372,0.2401,0.00015629060838747786,1.1,372,,,,,,,,,
373,0.239,0.00015617247489663322,1.1,373,,,,,,,,,
374,0.1895,0.00015605434140578855,1.1,374,,,,,,,,,
375,0.247,0.0001559362079149439,1.1,375,,,,,,,,,
376,0.2181,0.00015581807442409924,1.11,376,,,,,,,,,
377,0.1945,0.0001556999409332546,1.11,377,,,,,,,,,
378,0.2617,0.00015558180744240993,1.11,378,,,,,,,,,
379,0.3222,0.00015546367395156526,1.12,379,,,,,,,,,
380,0.2021,0.00015534554046072062,1.12,380,,,,,,,,,
381,0.2514,0.00015522740696987595,1.12,381,,,,,,,,,
382,0.3072,0.0001551092734790313,1.12,382,,,,,,,,,
383,0.2506,0.00015499113998818667,1.13,383,,,,,,,,,
384,0.3497,0.000154873006497342,1.13,384,,,,,,,,,
385,0.1975,0.00015475487300649736,1.13,385,,,,,,,,,
386,0.2359,0.0001546367395156527,1.14,386,,,,,,,,,
387,0.3042,0.00015451860602480803,1.14,387,,,,,,,,,
388,0.2268,0.0001544004725339634,1.14,388,,,,,,,,,
389,0.2601,0.00015428233904311872,1.15,389,,,,,,,,,
390,0.3349,0.00015416420555227408,1.15,390,,,,,,,,,
391,0.2391,0.00015404607206142944,1.15,391,,,,,,,,,
392,0.2246,0.00015392793857058477,1.15,392,,,,,,,,,
393,0.2312,0.00015380980507974013,1.16,393,,,,,,,,,
394,0.2379,0.00015369167158889546,1.16,394,,,,,,,,,
395,0.2337,0.0001535735380980508,1.16,395,,,,,,,,,
396,0.2371,0.00015345540460720615,1.17,396,,,,,,,,,
397,0.233,0.00015333727111636148,1.17,397,,,,,,,,,
398,0.258,0.00015321913762551684,1.17,398,,,,,,,,,
399,0.1839,0.00015310100413467217,1.18,399,,,,,,,,,
400,0.2356,0.00015298287064382753,1.18,400,,,,,,,,,
401,0.2303,0.0001528647371529829,1.18,401,,,,,,,,,
402,0.3207,0.00015274660366213823,1.18,402,,,,,,,,,
403,0.3133,0.00015262847017129356,1.19,403,,,,,,,,,
404,0.2352,0.00015251033668044892,1.19,404,,,,,,,,,
405,0.2446,0.00015239220318960425,1.19,405,,,,,,,,,
406,0.2926,0.0001522740696987596,1.2,406,,,,,,,,,
407,0.2401,0.00015215593620791494,1.2,407,,,,,,,,,
408,0.2012,0.0001520378027170703,1.2,408,,,,,,,,,
409,0.2825,0.00015191966922622566,1.2,409,,,,,,,,,
410,0.2316,0.000151801535735381,1.21,410,,,,,,,,,
411,0.2384,0.00015168340224453635,1.21,411,,,,,,,,,
412,0.2465,0.00015156526875369168,1.21,412,,,,,,,,,
413,0.2582,0.000151447135262847,1.22,413,,,,,,,,,
414,0.2057,0.00015132900177200237,1.22,414,,,,,,,,,
415,0.1961,0.0001512108682811577,1.22,415,,,,,,,,,
416,0.2346,0.00015109273479031306,1.23,416,,,,,,,,,
417,0.2191,0.00015097460129946842,1.23,417,,,,,,,,,
418,0.3038,0.00015085646780862375,1.23,418,,,,,,,,,
419,0.21,0.00015073833431777911,1.23,419,,,,,,,,,
420,0.2854,0.00015062020082693445,1.24,420,,,,,,,,,
421,0.3012,0.00015050206733608978,1.24,421,,,,,,,,,
422,0.1923,0.00015038393384524514,1.24,422,,,,,,,,,
423,0.2332,0.00015026580035440047,1.25,423,,,,,,,,,
424,0.2248,0.00015014766686355583,1.25,424,,,,,,,,,
425,0.2745,0.00015002953337271116,1.25,425,,,,,,,,,
426,0.1972,0.00014991139988186652,1.25,426,,,,,,,,,
427,0.2218,0.00014979326639102188,1.26,427,,,,,,,,,
428,0.197,0.0001496751329001772,1.26,428,,,,,,,,,
429,0.2207,0.00014955699940933254,1.26,429,,,,,,,,,
430,0.1777,0.0001494388659184879,1.27,430,,,,,,,,,
431,0.2112,0.00014932073242764323,1.27,431,,,,,,,,,
432,0.2375,0.0001492025989367986,1.27,432,,,,,,,,,
433,0.2329,0.00014908446544595393,1.28,433,,,,,,,,,
434,0.2026,0.00014896633195510928,1.28,434,,,,,,,,,
435,0.2343,0.00014884819846426464,1.28,435,,,,,,,,,
436,0.2376,0.00014873006497341998,1.28,436,,,,,,,,,
437,0.2403,0.0001486119314825753,1.29,437,,,,,,,,,
438,0.2522,0.00014849379799173067,1.29,438,,,,,,,,,
439,0.3097,0.000148375664500886,1.29,439,,,,,,,,,
440,0.2203,0.00014825753101004136,1.3,440,,,,,,,,,
441,0.308,0.0001481393975191967,1.3,441,,,,,,,,,
442,0.2153,0.00014802126402835202,1.3,442,,,,,,,,,
443,0.2788,0.00014790313053750738,1.3,443,,,,,,,,,
444,0.2275,0.00014778499704666274,1.31,444,,,,,,,,,
445,0.2411,0.0001476668635558181,1.31,445,,,,,,,,,
446,0.2883,0.00014754873006497343,1.31,446,,,,,,,,,
447,0.1822,0.00014743059657412876,1.32,447,,,,,,,,,
448,0.2773,0.00014731246308328412,1.32,448,,,,,,,,,
449,0.2289,0.00014719432959243946,1.32,449,,,,,,,,,
450,0.2358,0.0001470761961015948,1.33,450,,,,,,,,,
451,0.2479,0.00014695806261075015,1.33,451,,,,,,,,,
452,0.1948,0.0001468399291199055,1.33,452,,,,,,,,,
453,0.2441,0.00014672179562906086,1.33,453,,,,,,,,,
454,0.2255,0.0001466036621382162,1.34,454,,,,,,,,,
455,0.208,0.00014648552864737153,1.34,455,,,,,,,,,
456,0.2128,0.0001463673951565269,1.34,456,,,,,,,,,
457,0.2172,0.00014624926166568222,1.35,457,,,,,,,,,
458,0.2529,0.00014613112817483758,1.35,458,,,,,,,,,
459,0.2567,0.0001460129946839929,1.35,459,,,,,,,,,
460,0.2172,0.00014589486119314827,1.35,460,,,,,,,,,
461,0.1749,0.00014577672770230363,1.36,461,,,,,,,,,
462,0.212,0.00014565859421145896,1.36,462,,,,,,,,,
463,0.2043,0.0001455404607206143,1.36,463,,,,,,,,,
464,0.202,0.00014542232722976965,1.37,464,,,,,,,,,
465,0.2203,0.00014530419373892498,1.37,465,,,,,,,,,
466,0.2077,0.00014518606024808034,1.37,466,,,,,,,,,
467,0.2054,0.00014506792675723568,1.38,467,,,,,,,,,
468,0.2439,0.000144949793266391,1.38,468,,,,,,,,,
469,0.2329,0.00014483165977554637,1.38,469,,,,,,,,,
470,0.1969,0.00014471352628470173,1.38,470,,,,,,,,,
471,0.2525,0.00014459539279385709,1.39,471,,,,,,,,,
472,0.2333,0.00014447725930301242,1.39,472,,,,,,,,,
473,0.2418,0.00014435912581216775,1.39,473,,,,,,,,,
474,0.2372,0.0001442409923213231,1.4,474,,,,,,,,,
475,0.2242,0.00014412285883047844,1.4,475,,,,,,,,,
476,0.1873,0.00014400472533963377,1.4,476,,,,,,,,,
477,0.2449,0.00014388659184878913,1.4,477,,,,,,,,,
478,0.2516,0.0001437684583579445,1.41,478,,,,,,,,,
479,0.2179,0.00014365032486709985,1.41,479,,,,,,,,,
480,0.2111,0.00014353219137625518,1.41,480,,,,,,,,,
481,0.2576,0.00014341405788541051,1.42,481,,,,,,,,,
482,0.1578,0.00014329592439456587,1.42,482,,,,,,,,,
483,0.1976,0.0001431777909037212,1.42,483,,,,,,,,,
484,0.1859,0.00014305965741287654,1.43,484,,,,,,,,,
485,0.1894,0.0001429415239220319,1.43,485,,,,,,,,,
486,0.1853,0.00014282339043118726,1.43,486,,,,,,,,,
487,0.1773,0.00014270525694034262,1.43,487,,,,,,,,,
488,0.2329,0.00014258712344949795,1.44,488,,,,,,,,,
489,0.2033,0.00014246898995865328,1.44,489,,,,,,,,,
490,0.1694,0.00014235085646780864,1.44,490,,,,,,,,,
491,0.2264,0.00014223272297696397,1.45,491,,,,,,,,,
492,0.2328,0.00014211458948611933,1.45,492,,,,,,,,,
493,0.255,0.00014199645599527466,1.45,493,,,,,,,,,
494,0.2077,0.00014187832250443,1.45,494,,,,,,,,,
495,0.1519,0.00014176018901358535,1.46,495,,,,,,,,,
496,0.313,0.0001416420555227407,1.46,496,,,,,,,,,
497,0.1887,0.00014152392203189604,1.46,497,,,,,,,,,
498,0.192,0.0001414057885410514,1.47,498,,,,,,,,,
499,0.1842,0.00014128765505020674,1.47,499,,,,,,,,,
500,0.2286,0.0001411695215593621,1.47,500,,,,,,,,,
501,0.2136,0.00014105138806851743,1.48,501,,,,,,,,,
502,0.2182,0.00014093325457767276,1.48,502,,,,,,,,,
503,0.1948,0.00014081512108682812,1.48,503,,,,,,,,,
504,0.2302,0.00014069698759598348,1.48,504,,,,,,,,,
505,0.2395,0.00014057885410513884,1.49,505,,,,,,,,,
506,0.2032,0.00014046072061429417,1.49,506,,,,,,,,,
507,0.2575,0.0001403425871234495,1.49,507,,,,,,,,,
508,0.1499,0.00014022445363260486,1.5,508,,,,,,,,,
509,0.2075,0.0001401063201417602,1.5,509,,,,,,,,,
510,0.2222,0.00013998818665091552,1.5,510,,,,,,,,,
511,0.2064,0.00013987005316007088,1.5,511,,,,,,,,,
512,0.2173,0.00013975191966922621,1.51,512,,,,,,,,,
513,0.1634,0.00013963378617838157,1.51,513,,,,,,,,,
514,0.2135,0.00013951565268753693,1.51,514,,,,,,,,,
515,0.1848,0.00013939751919669227,1.52,515,,,,,,,,,
516,0.1989,0.00013927938570584762,1.52,516,,,,,,,,,
517,0.2337,0.00013916125221500296,1.52,517,,,,,,,,,
518,0.228,0.00013904311872415832,1.53,518,,,,,,,,,
519,0.2443,0.00013892498523331365,1.53,519,,,,,,,,,
520,0.2076,0.00013880685174246898,1.53,520,,,,,,,,,
521,0.1977,0.00013868871825162434,1.53,521,,,,,,,,,
522,0.2499,0.0001385705847607797,1.54,522,,,,,,,,,
523,0.2162,0.00013845245126993503,1.54,523,,,,,,,,,
524,0.1848,0.0001383343177790904,1.54,524,,,,,,,,,
525,0.1843,0.00013821618428824572,1.55,525,,,,,,,,,
526,0.1678,0.00013809805079740108,1.55,526,,,,,,,,,
527,0.1968,0.0001379799173065564,1.55,527,,,,,,,,,
528,0.1793,0.00013786178381571174,1.55,528,,,,,,,,,
529,0.2326,0.0001377436503248671,1.56,529,,,,,,,,,
530,0.2074,0.00013762551683402246,1.56,530,,,,,,,,,
531,0.1929,0.0001375073833431778,1.56,531,,,,,,,,,
532,0.1565,0.00013738924985233315,1.57,532,,,,,,,,,
533,0.1891,0.00013727111636148849,1.57,533,,,,,,,,,
534,0.2048,0.00013715298287064385,1.57,534,,,,,,,,,
535,0.1609,0.00013703484937979918,1.58,535,,,,,,,,,
536,0.1974,0.0001369167158889545,1.58,536,,,,,,,,,
537,0.1841,0.00013679858239810987,1.58,537,,,,,,,,,
538,0.2062,0.0001366804489072652,1.58,538,,,,,,,,,
539,0.1628,0.00013656231541642056,1.59,539,,,,,,,,,
540,0.1417,0.00013644418192557592,1.59,540,,,,,,,,,
541,0.1825,0.00013632604843473125,1.59,541,,,,,,,,,
542,0.187,0.0001362079149438866,1.6,542,,,,,,,,,
543,0.1646,0.00013608978145304194,1.6,543,,,,,,,,,
544,0.1725,0.00013597164796219727,1.6,544,,,,,,,,,
545,0.1515,0.00013585351447135263,1.61,545,,,,,,,,,
546,0.1832,0.00013573538098050797,1.61,546,,,,,,,,,
547,0.1813,0.00013561724748966332,1.61,547,,,,,,,,,
548,0.1875,0.00013549911399881868,1.61,548,,,,,,,,,
549,0.2013,0.00013538098050797402,1.62,549,,,,,,,,,
550,0.2032,0.00013526284701712938,1.62,550,,,,,,,,,
551,0.1979,0.0001351447135262847,1.62,551,,,,,,,,,
552,0.2158,0.00013502658003544007,1.63,552,,,,,,,,,
553,0.1744,0.0001349084465445954,1.63,553,,,,,,,,,
554,0.194,0.00013479031305375073,1.63,554,,,,,,,,,
555,0.239,0.0001346721795629061,1.63,555,,,,,,,,,
556,0.1678,0.00013455404607206142,1.64,556,,,,,,,,,
557,0.2029,0.00013443591258121678,1.64,557,,,,,,,,,
558,0.1794,0.00013431777909037214,1.64,558,,,,,,,,,
559,0.1712,0.00013419964559952747,1.65,559,,,,,,,,,
560,0.2898,0.00013408151210868283,1.65,560,,,,,,,,,
561,0.1492,0.00013396337861783816,1.65,561,,,,,,,,,
562,0.1831,0.0001338452451269935,1.66,562,,,,,,,,,
563,0.1811,0.00013372711163614885,1.66,563,,,,,,,,,
564,0.1797,0.00013360897814530419,1.66,564,,,,,,,,,
565,0.1999,0.00013349084465445955,1.66,565,,,,,,,,,
566,0.1738,0.0001333727111636149,1.67,566,,,,,,,,,
567,0.1859,0.00013325457767277024,1.67,567,,,,,,,,,
568,0.1613,0.0001331364441819256,1.67,568,,,,,,,,,
569,0.211,0.00013301831069108093,1.68,569,,,,,,,,,
570,0.1984,0.00013290017720023626,1.68,570,,,,,,,,,
571,0.1702,0.00013278204370939162,1.68,571,,,,,,,,,
572,0.205,0.00013266391021854695,1.68,572,,,,,,,,,
573,0.1694,0.0001325457767277023,1.69,573,,,,,,,,,
574,0.3023,0.00013242764323685767,1.69,574,,,,,,,,,
575,0.1839,0.000132309509746013,1.69,575,,,,,,,,,
576,0.2187,0.00013219137625516836,1.7,576,,,,,,,,,
577,0.2158,0.0001320732427643237,1.7,577,,,,,,,,,
578,0.1699,0.00013195510927347902,1.7,578,,,,,,,,,
579,0.1728,0.00013183697578263438,1.71,579,,,,,,,,,
580,0.1781,0.00013171884229178972,1.71,580,,,,,,,,,
581,0.1764,0.00013160070880094508,1.71,581,,,,,,,,,
582,0.1761,0.0001314825753101004,1.71,582,,,,,,,,,
583,0.2016,0.00013136444181925577,1.72,583,,,,,,,,,
584,0.2703,0.00013124630832841113,1.72,584,,,,,,,,,
585,0.1878,0.00013112817483756646,1.72,585,,,,,,,,,
586,0.2007,0.00013101004134672182,1.73,586,,,,,,,,,
587,0.1785,0.00013089190785587715,1.73,587,,,,,,,,,
588,0.1894,0.00013077377436503248,1.73,588,,,,,,,,,
589,0.1974,0.00013065564087418784,1.73,589,,,,,,,,,
590,0.2109,0.00013053750738334317,1.74,590,,,,,,,,,
591,0.1734,0.00013041937389249853,1.74,591,,,,,,,,,
592,0.3034,0.0001303012404016539,1.74,592,,,,,,,,,
593,0.1723,0.00013018310691080922,1.75,593,,,,,,,,,
594,0.1639,0.00013006497341996458,1.75,594,,,,,,,,,
595,0.1968,0.00012994683992911991,1.75,595,,,,,,,,,
596,0.1442,0.00012982870643827525,1.76,596,,,,,,,,,
597,0.1725,0.0001297105729474306,1.76,597,,,,,,,,,
598,0.2019,0.00012959243945658594,1.76,598,,,,,,,,,
599,0.1886,0.0001294743059657413,1.76,599,,,,,,,,,
600,0.1817,0.00012935617247489666,1.77,600,,,,,,,,,
601,0.1575,0.000129238038984052,1.77,601,,,,,,,,,
602,0.178,0.00012911990549320735,1.77,602,,,,,,,,,
603,0.1378,0.00012900177200236268,1.78,603,,,,,,,,,
604,0.1636,0.000128883638511518,1.78,604,,,,,,,,,
605,0.1893,0.00012876550502067337,1.78,605,,,,,,,,,
606,0.1955,0.0001286473715298287,1.78,606,,,,,,,,,
607,0.2095,0.00012852923803898406,1.79,607,,,,,,,,,
608,0.1496,0.0001284111045481394,1.79,608,,,,,,,,,
609,0.1696,0.00012829297105729475,1.79,609,,,,,,,,,
610,0.1869,0.0001281748375664501,1.8,610,,,,,,,,,
611,0.1584,0.00012805670407560544,1.8,611,,,,,,,,,
612,0.1756,0.00012793857058476078,1.8,612,,,,,,,,,
613,0.1808,0.00012782043709391613,1.81,613,,,,,,,,,
614,0.1971,0.00012770230360307147,1.81,614,,,,,,,,,
615,0.1719,0.00012758417011222683,1.81,615,,,,,,,,,
616,0.1385,0.00012746603662138216,1.81,616,,,,,,,,,
617,0.2126,0.00012734790313053752,1.82,617,,,,,,,,,
618,0.1557,0.00012722976963969288,1.82,618,,,,,,,,,
619,0.1396,0.0001271116361488482,1.82,619,,,,,,,,,
620,0.2093,0.00012699350265800357,1.83,620,,,,,,,,,
621,0.1928,0.0001268753691671589,1.83,621,,,,,,,,,
622,0.1624,0.00012675723567631423,1.83,622,,,,,,,,,
623,0.1489,0.0001266391021854696,1.83,623,,,,,,,,,
624,0.1631,0.00012652096869462492,1.84,624,,,,,,,,,
625,0.1798,0.00012640283520378025,1.84,625,,,,,,,,,
626,0.2258,0.00012628470171293561,1.84,626,,,,,,,,,
627,0.2309,0.00012616656822209097,1.85,627,,,,,,,,,
628,0.2424,0.00012604843473124633,1.85,628,,,,,,,,,
629,0.1609,0.00012593030124040166,1.85,629,,,,,,,,,
630,0.2516,0.000125812167749557,1.86,630,,,,,,,,,
631,0.1282,0.00012569403425871236,1.86,631,,,,,,,,,
632,0.1648,0.0001255759007678677,1.86,632,,,,,,,,,
633,0.1817,0.00012545776727702305,1.86,633,,,,,,,,,
634,0.1696,0.00012533963378617838,1.87,634,,,,,,,,,
635,0.1417,0.00012522150029533374,1.87,635,,,,,,,,,
636,0.1526,0.0001251033668044891,1.87,636,,,,,,,,,
637,0.1968,0.00012498523331364443,1.88,637,,,,,,,,,
638,0.2192,0.00012486709982279976,1.88,638,,,,,,,,,
639,0.1375,0.00012474896633195512,1.88,639,,,,,,,,,
640,0.1761,0.00012463083284111045,1.88,640,,,,,,,,,
641,0.1546,0.0001245126993502658,1.89,641,,,,,,,,,
642,0.1613,0.00012439456585942114,1.89,642,,,,,,,,,
643,0.1612,0.0001242764323685765,1.89,643,,,,,,,,,
644,0.1428,0.00012415829887773186,1.9,644,,,,,,,,,
645,0.2393,0.0001240401653868872,1.9,645,,,,,,,,,
646,0.142,0.00012392203189604253,1.9,646,,,,,,,,,
647,0.1521,0.00012380389840519789,1.91,647,,,,,,,,,
648,0.1675,0.00012368576491435322,1.91,648,,,,,,,,,
649,0.1558,0.00012356763142350858,1.91,649,,,,,,,,,
650,0.169,0.0001234494979326639,1.91,650,,,,,,,,,
651,0.1781,0.00012333136444181924,1.92,651,,,,,,,,,
652,0.2266,0.0001232132309509746,1.92,652,,,,,,,,,
653,0.1411,0.00012309509746012996,1.92,653,,,,,,,,,
654,0.1628,0.00012297696396928532,1.93,654,,,,,,,,,
655,0.1561,0.00012285883047844065,1.93,655,,,,,,,,,
656,0.1932,0.00012274069698759598,1.93,656,,,,,,,,,
657,0.1427,0.00012262256349675134,1.93,657,,,,,,,,,
658,0.1621,0.00012250443000590667,1.94,658,,,,,,,,,
659,0.1417,0.000122386296515062,1.94,659,,,,,,,,,
660,0.1523,0.00012226816302421736,1.94,660,,,,,,,,,
661,0.1972,0.00012215002953337272,1.95,661,,,,,,,,,
662,0.1616,0.00012203189604252807,1.95,662,,,,,,,,,
663,0.146,0.0001219137625516834,1.95,663,,,,,,,,,
664,0.2056,0.00012179562906083875,1.96,664,,,,,,,,,
665,0.154,0.0001216774955699941,1.96,665,,,,,,,,,
666,0.1704,0.00012155936207914944,1.96,666,,,,,,,,,
667,0.1504,0.0001214412285883048,1.96,667,,,,,,,,,
668,0.1558,0.00012132309509746014,1.97,668,,,,,,,,,
669,0.1572,0.00012120496160661548,1.97,669,,,,,,,,,
670,0.1594,0.00012108682811577083,1.97,670,,,,,,,,,
671,0.1811,0.00012096869462492617,1.98,671,,,,,,,,,
672,0.173,0.00012085056113408151,1.98,672,,,,,,,,,
673,0.1786,0.00012073242764323687,1.98,673,,,,,,,,,
674,0.1265,0.0001206142941523922,1.98,674,,,,,,,,,
675,0.1674,0.00012049616066154756,1.99,675,,,,,,,,,
676,0.1372,0.0001203780271707029,1.99,676,,,,,,,,,
677,0.1787,0.00012025989367985824,1.99,677,,,,,,,,,
678,0.1302,0.0001201417601890136,2.0,678,,,,,,,,,
679,0.1751,0.00012002362669816893,2.0,679,,,,,,,,,
680,,,2.0,679,0.16277804970741272,386.3364,13.889,1.737,,,,,
681,0.0944,0.00011990549320732429,2.0,680,,,,,,,,,
682,0.095,0.00011978735971647964,2.01,681,,,,,,,,,
683,0.0874,0.00011966922622563497,2.01,682,,,,,,,,,
684,0.0863,0.00011955109273479033,2.01,683,,,,,,,,,
685,0.086,0.00011943295924394566,2.01,684,,,,,,,,,
686,0.0851,0.000119314825753101,2.02,685,,,,,,,,,
687,0.0856,0.00011919669226225636,2.02,686,,,,,,,,,
688,0.0893,0.0001190785587714117,2.02,687,,,,,,,,,
689,0.0885,0.00011896042528056706,2.03,688,,,,,,,,,
690,0.0824,0.00011884229178972239,2.03,689,,,,,,,,,
691,0.085,0.00011872415829887773,2.03,690,,,,,,,,,
692,0.0898,0.00011860602480803309,2.03,691,,,,,,,,,
693,0.0893,0.00011848789131718842,2.04,692,,,,,,,,,
694,0.0942,0.00011836975782634377,2.04,693,,,,,,,,,
695,0.0897,0.00011825162433549913,2.04,694,,,,,,,,,
696,0.0843,0.00011813349084465446,2.05,695,,,,,,,,,
697,0.0869,0.00011801535735380982,2.05,696,,,,,,,,,
698,0.0811,0.00011789722386296515,2.05,697,,,,,,,,,
699,0.0841,0.0001177790903721205,2.06,698,,,,,,,,,
700,0.079,0.00011766095688127586,2.06,699,,,,,,,,,
701,0.0896,0.00011754282339043119,2.06,700,,,,,,,,,
702,0.0885,0.00011742468989958655,2.06,701,,,,,,,,,
703,0.0916,0.00011730655640874188,2.07,702,,,,,,,,,
704,0.088,0.00011718842291789723,2.07,703,,,,,,,,,
705,0.087,0.00011707028942705258,2.07,704,,,,,,,,,
706,0.0812,0.00011695215593620792,2.08,705,,,,,,,,,
707,0.0839,0.00011683402244536326,2.08,706,,,,,,,,,
708,0.1012,0.00011671588895451862,2.08,707,,,,,,,,,
709,0.0892,0.00011659775546367395,2.09,708,,,,,,,,,
710,0.0933,0.00011647962197282931,2.09,709,,,,,,,,,
711,0.0789,0.00011636148848198465,2.09,710,,,,,,,,,
712,0.0798,0.00011624335499113999,2.09,711,,,,,,,,,
713,0.0892,0.00011612522150029535,2.1,712,,,,,,,,,
714,0.0859,0.00011600708800945068,2.1,713,,,,,,,,,
715,0.0871,0.00011588895451860604,2.1,714,,,,,,,,,
716,0.0866,0.00011577082102776137,2.11,715,,,,,,,,,
717,0.0858,0.00011565268753691672,2.11,716,,,,,,,,,
718,0.0874,0.00011553455404607208,2.11,717,,,,,,,,,
719,0.0889,0.00011541642055522741,2.11,718,,,,,,,,,
720,0.0849,0.00011529828706438274,2.12,719,,,,,,,,,
721,0.0805,0.0001151801535735381,2.12,720,,,,,,,,,
722,0.0841,0.00011506202008269345,2.12,721,,,,,,,,,
723,0.0843,0.0001149438865918488,2.13,722,,,,,,,,,
724,0.0955,0.00011482575310100414,2.13,723,,,,,,,,,
725,0.1029,0.00011470761961015948,2.13,724,,,,,,,,,
726,0.0862,0.00011458948611931484,2.14,725,,,,,,,,,
727,0.0799,0.00011447135262847017,2.14,726,,,,,,,,,
728,0.0847,0.00011435321913762551,2.14,727,,,,,,,,,
729,0.0794,0.00011423508564678087,2.14,728,,,,,,,,,
730,0.0869,0.00011411695215593621,2.15,729,,,,,,,,,
731,0.0929,0.00011399881866509157,2.15,730,,,,,,,,,
732,0.08,0.0001138806851742469,2.15,731,,,,,,,,,
733,0.0877,0.00011376255168340223,2.16,732,,,,,,,,,
734,0.0858,0.0001136444181925576,2.16,733,,,,,,,,,
735,0.081,0.00011352628470171294,2.16,734,,,,,,,,,
736,0.0933,0.0001134081512108683,2.16,735,,,,,,,,,
737,0.0811,0.00011329001772002363,2.17,736,,,,,,,,,
738,0.0868,0.00011317188422917898,2.17,737,,,,,,,,,
739,0.0821,0.00011305375073833434,2.17,738,,,,,,,,,
740,0.1007,0.00011293561724748967,2.18,739,,,,,,,,,
741,0.0898,0.000112817483756645,2.18,740,,,,,,,,,
742,0.0875,0.00011269935026580036,2.18,741,,,,,,,,,
743,0.0757,0.0001125812167749557,2.19,742,,,,,,,,,
744,0.09,0.00011246308328411106,2.19,743,,,,,,,,,
745,0.087,0.0001123449497932664,2.19,744,,,,,,,,,
746,0.0857,0.00011222681630242173,2.19,745,,,,,,,,,
747,0.0974,0.00011210868281157709,2.2,746,,,,,,,,,
748,0.0795,0.00011199054932073243,2.2,747,,,,,,,,,
749,0.0907,0.00011187241582988779,2.2,748,,,,,,,,,
750,0.0875,0.00011175428233904312,2.21,749,,,,,,,,,
751,0.0795,0.00011163614884819847,2.21,750,,,,,,,,,
752,0.0948,0.00011151801535735383,2.21,751,,,,,,,,,
753,0.0861,0.00011139988186650916,2.21,752,,,,,,,,,
754,0.0756,0.00011128174837566449,2.22,753,,,,,,,,,
755,0.0894,0.00011116361488481985,2.22,754,,,,,,,,,
756,0.0847,0.0001110454813939752,2.22,755,,,,,,,,,
757,0.0871,0.00011092734790313056,2.23,756,,,,,,,,,
758,0.0842,0.00011080921441228589,2.23,757,,,,,,,,,
759,0.0929,0.00011069108092144122,2.23,758,,,,,,,,,
760,0.0859,0.00011057294743059658,2.24,759,,,,,,,,,
761,0.1003,0.00011045481393975193,2.24,760,,,,,,,,,
762,0.0912,0.00011033668044890728,2.24,761,,,,,,,,,
763,0.0865,0.00011021854695806262,2.24,762,,,,,,,,,
764,0.0941,0.00011010041346721796,2.25,763,,,,,,,,,
765,0.0785,0.00010998227997637332,2.25,764,,,,,,,,,
766,0.0832,0.00010986414648552865,2.25,765,,,,,,,,,
767,0.0905,0.00010974601299468399,2.26,766,,,,,,,,,
768,0.0878,0.00010962787950383934,2.26,767,,,,,,,,,
769,0.0911,0.00010950974601299469,2.26,768,,,,,,,,,
770,0.0791,0.00010939161252215005,2.26,769,,,,,,,,,
771,0.0786,0.00010927347903130538,2.27,770,,,,,,,,,
772,0.1012,0.00010915534554046071,2.27,771,,,,,,,,,
773,0.0795,0.00010903721204961607,2.27,772,,,,,,,,,
774,0.0938,0.00010891907855877142,2.28,773,,,,,,,,,
775,0.0941,0.00010880094506792675,2.28,774,,,,,,,,,
776,0.0807,0.00010868281157708211,2.28,775,,,,,,,,,
777,0.0943,0.00010856467808623744,2.29,776,,,,,,,,,
778,0.0803,0.0001084465445953928,2.29,777,,,,,,,,,
779,0.0895,0.00010832841110454815,2.29,778,,,,,,,,,
780,0.0808,0.00010821027761370348,2.29,779,,,,,,,,,
781,0.079,0.00010809214412285884,2.3,780,,,,,,,,,
782,0.0833,0.00010797401063201418,2.3,781,,,,,,,,,
783,0.0892,0.00010785587714116954,2.3,782,,,,,,,,,
784,0.0842,0.00010773774365032487,2.31,783,,,,,,,,,
785,0.0936,0.0001076196101594802,2.31,784,,,,,,,,,
786,0.0917,0.00010750147666863557,2.31,785,,,,,,,,,
787,0.0825,0.00010738334317779091,2.31,786,,,,,,,,,
788,0.0837,0.00010726520968694624,2.32,787,,,,,,,,,
789,0.0875,0.0001071470761961016,2.32,788,,,,,,,,,
790,0.0852,0.00010702894270525693,2.32,789,,,,,,,,,
791,0.09,0.0001069108092144123,2.33,790,,,,,,,,,
792,0.08,0.00010679267572356764,2.33,791,,,,,,,,,
793,0.0861,0.00010667454223272297,2.33,792,,,,,,,,,
794,0.0856,0.00010655640874187833,2.34,793,,,,,,,,,
795,0.0818,0.00010643827525103368,2.34,794,,,,,,,,,
796,0.0751,0.00010632014176018904,2.34,795,,,,,,,,,
797,0.0888,0.00010620200826934437,2.34,796,,,,,,,,,
798,0.0972,0.0001060838747784997,2.35,797,,,,,,,,,
799,0.0957,0.00010596574128765506,2.35,798,,,,,,,,,
800,0.0792,0.0001058476077968104,2.35,799,,,,,,,,,
801,0.0862,0.00010572947430596574,2.36,800,,,,,,,,,
802,0.0881,0.0001056113408151211,2.36,801,,,,,,,,,
803,0.0873,0.00010549320732427643,2.36,802,,,,,,,,,
804,0.0958,0.00010537507383343179,2.36,803,,,,,,,,,
805,0.0887,0.00010525694034258713,2.37,804,,,,,,,,,
806,0.0988,0.00010513880685174246,2.37,805,,,,,,,,,
807,0.0836,0.00010502067336089782,2.37,806,,,,,,,,,
808,0.0919,0.00010490253987005317,2.38,807,,,,,,,,,
809,0.0863,0.0001047844063792085,2.38,808,,,,,,,,,
810,0.0906,0.00010466627288836386,2.38,809,,,,,,,,,
811,0.086,0.00010454813939751919,2.39,810,,,,,,,,,
812,0.0809,0.00010443000590667455,2.39,811,,,,,,,,,
813,0.0793,0.0001043118724158299,2.39,812,,,,,,,,,
814,0.0895,0.00010419373892498523,2.39,813,,,,,,,,,
815,0.09,0.00010407560543414059,2.4,814,,,,,,,,,
816,0.0883,0.00010395747194329592,2.4,815,,,,,,,,,
817,0.0837,0.00010383933845245128,2.4,816,,,,,,,,,
818,0.085,0.00010372120496160662,2.41,817,,,,,,,,,
819,0.0955,0.00010360307147076196,2.41,818,,,,,,,,,
820,0.0839,0.00010348493797991732,2.41,819,,,,,,,,,
821,0.0872,0.00010336680448907266,2.41,820,,,,,,,,,
822,0.0867,0.000103248670998228,2.42,821,,,,,,,,,
823,0.0859,0.00010313053750738335,2.42,822,,,,,,,,,
824,0.0822,0.00010301240401653869,2.42,823,,,,,,,,,
825,0.0821,0.00010289427052569404,2.43,824,,,,,,,,,
826,0.0854,0.00010277613703484939,2.43,825,,,,,,,,,
827,0.0794,0.00010265800354400472,2.43,826,,,,,,,,,
828,0.0864,0.00010253987005316008,2.44,827,,,,,,,,,
829,0.0857,0.00010242173656231541,2.44,828,,,,,,,,,
830,0.079,0.00010230360307147077,2.44,829,,,,,,,,,
831,0.0815,0.00010218546958062612,2.44,830,,,,,,,,,
832,0.0899,0.00010206733608978145,2.45,831,,,,,,,,,
833,0.0861,0.00010194920259893681,2.45,832,,,,,,,,,
834,0.0745,0.00010183106910809214,2.45,833,,,,,,,,,
835,0.0794,0.00010171293561724749,2.46,834,,,,,,,,,
836,0.0857,0.00010159480212640285,2.46,835,,,,,,,,,
837,0.0846,0.00010147666863555818,2.46,836,,,,,,,,,
838,0.0866,0.00010135853514471354,2.46,837,,,,,,,,,
839,0.0827,0.00010124040165386888,2.47,838,,,,,,,,,
840,0.0832,0.00010112226816302421,2.47,839,,,,,,,,,
841,0.0862,0.00010100413467217957,2.47,840,,,,,,,,,
842,0.0795,0.0001008860011813349,2.48,841,,,,,,,,,
843,0.0795,0.00010076786769049027,2.48,842,,,,,,,,,
844,0.0968,0.00010064973419964561,2.48,843,,,,,,,,,
845,0.0815,0.00010053160070880094,2.49,844,,,,,,,,,
846,0.077,0.0001004134672179563,2.49,845,,,,,,,,,
847,0.0784,0.00010029533372711163,2.49,846,,,,,,,,,
848,0.0894,0.00010017720023626698,2.49,847,,,,,,,,,
849,0.0818,0.00010005906674542234,2.5,848,,,,,,,,,
850,0.0861,9.994093325457767e-05,2.5,849,,,,,,,,,
851,0.0816,9.982279976373302e-05,2.5,850,,,,,,,,,
852,0.0821,9.970466627288838e-05,2.51,851,,,,,,,,,
853,0.0814,9.958653278204372e-05,2.51,852,,,,,,,,,
854,0.0985,9.946839929119905e-05,2.51,853,,,,,,,,,
855,0.0833,9.93502658003544e-05,2.52,854,,,,,,,,,
856,0.0872,9.923213230950974e-05,2.52,855,,,,,,,,,
857,0.0795,9.91139988186651e-05,2.52,856,,,,,,,,,
858,0.0782,9.899586532782045e-05,2.52,857,,,,,,,,,
859,0.0833,9.887773183697578e-05,2.53,858,,,,,,,,,
860,0.0858,9.875959834613113e-05,2.53,859,,,,,,,,,
861,0.0863,9.864146485528649e-05,2.53,860,,,,,,,,,
862,0.0995,9.852333136444183e-05,2.54,861,,,,,,,,,
863,0.0916,9.840519787359716e-05,2.54,862,,,,,,,,,
864,0.0832,9.828706438275251e-05,2.54,863,,,,,,,,,
865,0.0852,9.816893089190787e-05,2.54,864,,,,,,,,,
866,0.0788,9.805079740106321e-05,2.55,865,,,,,,,,,
867,0.0798,9.793266391021855e-05,2.55,866,,,,,,,,,
868,0.084,9.781453041937389e-05,2.55,867,,,,,,,,,
869,0.0739,9.769639692852924e-05,2.56,868,,,,,,,,,
870,0.0818,9.75782634376846e-05,2.56,869,,,,,,,,,
871,0.0945,9.746012994683993e-05,2.56,870,,,,,,,,,
872,0.0927,9.734199645599527e-05,2.57,871,,,,,,,,,
873,0.0765,9.722386296515062e-05,2.57,872,,,,,,,,,
874,0.0881,9.710572947430598e-05,2.57,873,,,,,,,,,
875,0.0892,9.698759598346132e-05,2.57,874,,,,,,,,,
876,0.0805,9.686946249261666e-05,2.58,875,,,,,,,,,
877,0.0791,9.6751329001772e-05,2.58,876,,,,,,,,,
878,0.0857,9.663319551092735e-05,2.58,877,,,,,,,,,
879,0.0742,9.651506202008271e-05,2.59,878,,,,,,,,,
880,0.087,9.639692852923804e-05,2.59,879,,,,,,,,,
881,0.0783,9.627879503839338e-05,2.59,880,,,,,,,,,
882,0.0853,9.616066154754873e-05,2.59,881,,,,,,,,,
883,0.0878,9.604252805670409e-05,2.6,882,,,,,,,,,
884,0.0803,9.592439456585942e-05,2.6,883,,,,,,,,,
885,0.0936,9.580626107501477e-05,2.6,884,,,,,,,,,
886,0.0957,9.568812758417011e-05,2.61,885,,,,,,,,,
887,0.0865,9.556999409332547e-05,2.61,886,,,,,,,,,
888,0.0921,9.54518606024808e-05,2.61,887,,,,,,,,,
889,0.0807,9.533372711163615e-05,2.62,888,,,,,,,,,
890,0.0813,9.52155936207915e-05,2.62,889,,,,,,,,,
891,0.0826,9.509746012994684e-05,2.62,890,,,,,,,,,
892,0.0849,9.49793266391022e-05,2.62,891,,,,,,,,,
893,0.0761,9.486119314825753e-05,2.63,892,,,,,,,,,
894,0.0964,9.474305965741288e-05,2.63,893,,,,,,,,,
895,0.0811,9.462492616656822e-05,2.63,894,,,,,,,,,
896,0.0859,9.450679267572358e-05,2.64,895,,,,,,,,,
897,0.0859,9.438865918487891e-05,2.64,896,,,,,,,,,
898,0.0779,9.427052569403426e-05,2.64,897,,,,,,,,,
899,0.0824,9.41523922031896e-05,2.64,898,,,,,,,,,
900,0.0786,9.403425871234496e-05,2.65,899,,,,,,,,,
901,0.0782,9.39161252215003e-05,2.65,900,,,,,,,,,
902,0.082,9.379799173065564e-05,2.65,901,,,,,,,,,
903,0.0854,9.367985823981099e-05,2.66,902,,,,,,,,,
904,0.0869,9.356172474896633e-05,2.66,903,,,,,,,,,
905,0.0865,9.344359125812168e-05,2.66,904,,,,,,,,,
906,0.0892,9.332545776727702e-05,2.67,905,,,,,,,,,
907,0.0825,9.320732427643237e-05,2.67,906,,,,,,,,,
908,0.0869,9.308919078558772e-05,2.67,907,,,,,,,,,
909,0.0897,9.297105729474308e-05,2.67,908,,,,,,,,,
910,0.0785,9.285292380389841e-05,2.68,909,,,,,,,,,
911,0.079,9.273479031305375e-05,2.68,910,,,,,,,,,
912,0.0767,9.26166568222091e-05,2.68,911,,,,,,,,,
913,0.0796,9.249852333136444e-05,2.69,912,,,,,,,,,
914,0.0827,9.238038984051979e-05,2.69,913,,,,,,,,,
915,0.0779,9.226225634967514e-05,2.69,914,,,,,,,,,
916,0.077,9.214412285883048e-05,2.69,915,,,,,,,,,
917,0.0756,9.202598936798583e-05,2.7,916,,,,,,,,,
918,0.0791,9.190785587714117e-05,2.7,917,,,,,,,,,
919,0.0943,9.178972238629652e-05,2.7,918,,,,,,,,,
920,0.0855,9.167158889545186e-05,2.71,919,,,,,,,,,
921,0.086,9.155345540460721e-05,2.71,920,,,,,,,,,
922,0.0806,9.143532191376255e-05,2.71,921,,,,,,,,,
923,0.075,9.13171884229179e-05,2.72,922,,,,,,,,,
924,0.0968,9.119905493207325e-05,2.72,923,,,,,,,,,
925,0.0812,9.108092144122859e-05,2.72,924,,,,,,,,,
926,0.0822,9.096278795038394e-05,2.72,925,,,,,,,,,
927,0.0794,9.084465445953928e-05,2.73,926,,,,,,,,,
928,0.0925,9.072652096869463e-05,2.73,927,,,,,,,,,
929,0.0781,9.060838747784997e-05,2.73,928,,,,,,,,,
930,0.0723,9.049025398700532e-05,2.74,929,,,,,,,,,
931,0.0828,9.037212049616066e-05,2.74,930,,,,,,,,,
932,0.0861,9.025398700531601e-05,2.74,931,,,,,,,,,
933,0.0846,9.013585351447136e-05,2.74,932,,,,,,,,,
934,0.0797,9.00177200236267e-05,2.75,933,,,,,,,,,
935,0.0888,8.989958653278205e-05,2.75,934,,,,,,,,,
936,0.0808,8.978145304193739e-05,2.75,935,,,,,,,,,
937,0.0852,8.966331955109274e-05,2.76,936,,,,,,,,,
938,0.0839,8.954518606024808e-05,2.76,937,,,,,,,,,
939,0.087,8.942705256940343e-05,2.76,938,,,,,,,,,
940,0.0754,8.930891907855878e-05,2.77,939,,,,,,,,,
941,0.0948,8.919078558771412e-05,2.77,940,,,,,,,,,
942,0.0803,8.907265209686947e-05,2.77,941,,,,,,,,,
943,0.095,8.895451860602481e-05,2.77,942,,,,,,,,,
944,0.0835,8.883638511518016e-05,2.78,943,,,,,,,,,
945,0.0797,8.87182516243355e-05,2.78,944,,,,,,,,,
946,0.083,8.860011813349085e-05,2.78,945,,,,,,,,,
947,0.1004,8.84819846426462e-05,2.79,946,,,,,,,,,
948,0.0795,8.836385115180154e-05,2.79,947,,,,,,,,,
949,0.0797,8.824571766095689e-05,2.79,948,,,,,,,,,
950,0.0849,8.812758417011223e-05,2.79,949,,,,,,,,,
951,0.073,8.800945067926758e-05,2.8,950,,,,,,,,,
952,0.0794,8.789131718842292e-05,2.8,951,,,,,,,,,
953,0.076,8.777318369757827e-05,2.8,952,,,,,,,,,
954,0.0792,8.765505020673361e-05,2.81,953,,,,,,,,,
955,0.0784,8.753691671588896e-05,2.81,954,,,,,,,,,
956,0.0801,8.74187832250443e-05,2.81,955,,,,,,,,,
957,0.0928,8.730064973419965e-05,2.82,956,,,,,,,,,
958,0.0861,8.7182516243355e-05,2.82,957,,,,,,,,,
959,0.0841,8.706438275251034e-05,2.82,958,,,,,,,,,
960,0.0805,8.694624926166569e-05,2.82,959,,,,,,,,,
961,0.088,8.682811577082103e-05,2.83,960,,,,,,,,,
962,0.0835,8.670998227997638e-05,2.83,961,,,,,,,,,
963,0.0791,8.659184878913172e-05,2.83,962,,,,,,,,,
964,0.0873,8.647371529828707e-05,2.84,963,,,,,,,,,
965,0.0752,8.635558180744242e-05,2.84,964,,,,,,,,,
966,0.0922,8.623744831659776e-05,2.84,965,,,,,,,,,
967,0.0808,8.611931482575311e-05,2.84,966,,,,,,,,,
968,0.0812,8.600118133490845e-05,2.85,967,,,,,,,,,
969,0.087,8.588304784406378e-05,2.85,968,,,,,,,,,
970,0.0948,8.576491435321914e-05,2.85,969,,,,,,,,,
971,0.0809,8.564678086237449e-05,2.86,970,,,,,,,,,
972,0.0968,8.552864737152983e-05,2.86,971,,,,,,,,,
973,0.0815,8.541051388068518e-05,2.86,972,,,,,,,,,
974,0.0834,8.529238038984053e-05,2.87,973,,,,,,,,,
975,0.091,8.517424689899587e-05,2.87,974,,,,,,,,,
976,0.0777,8.505611340815122e-05,2.87,975,,,,,,,,,
977,0.0819,8.493797991730656e-05,2.87,976,,,,,,,,,
978,0.0862,8.481984642646191e-05,2.88,977,,,,,,,,,
979,0.083,8.470171293561725e-05,2.88,978,,,,,,,,,
980,0.0864,8.45835794447726e-05,2.88,979,,,,,,,,,
981,0.0809,8.446544595392795e-05,2.89,980,,,,,,,,,
982,0.0836,8.434731246308328e-05,2.89,981,,,,,,,,,
983,0.0819,8.422917897223864e-05,2.89,982,,,,,,,,,
984,0.0741,8.411104548139398e-05,2.89,983,,,,,,,,,
985,0.0884,8.399291199054933e-05,2.9,984,,,,,,,,,
986,0.0777,8.387477849970466e-05,2.9,985,,,,,,,,,
987,0.0871,8.375664500886002e-05,2.9,986,,,,,,,,,
988,0.0846,8.363851151801536e-05,2.91,987,,,,,,,,,
989,0.081,8.352037802717071e-05,2.91,988,,,,,,,,,
990,0.0731,8.340224453632606e-05,2.91,989,,,,,,,,,
991,0.0771,8.328411104548139e-05,2.92,990,,,,,,,,,
992,0.0821,8.316597755463675e-05,2.92,991,,,,,,,,,
993,0.0812,8.304784406379209e-05,2.92,992,,,,,,,,,
994,0.0821,8.292971057294744e-05,2.92,993,,,,,,,,,
995,0.0789,8.281157708210277e-05,2.93,994,,,,,,,,,
996,0.0794,8.269344359125813e-05,2.93,995,,,,,,,,,
997,0.0846,8.257531010041348e-05,2.93,996,,,,,,,,,
998,0.0775,8.245717660956882e-05,2.94,997,,,,,,,,,
999,0.086,8.233904311872415e-05,2.94,998,,,,,,,,,
1000,0.0811,8.222090962787951e-05,2.94,999,,,,,,,,,
1001,0.0825,8.210277613703486e-05,2.94,1000,,,,,,,,,
1002,0.0772,8.19846426461902e-05,2.95,1001,,,,,,,,,
1003,0.0875,8.186650915534555e-05,2.95,1002,,,,,,,,,
1004,0.0743,8.174837566450088e-05,2.95,1003,,,,,,,,,
1005,0.0748,8.163024217365624e-05,2.96,1004,,,,,,,,,
1006,0.0827,8.151210868281159e-05,2.96,1005,,,,,,,,,
1007,0.0912,8.139397519196693e-05,2.96,1006,,,,,,,,,
1008,0.0896,8.127584170112226e-05,2.97,1007,,,,,,,,,
1009,0.0813,8.115770821027762e-05,2.97,1008,,,,,,,,,
1010,0.0826,8.103957471943297e-05,2.97,1009,,,,,,,,,
1011,0.0773,8.092144122858831e-05,2.97,1010,,,,,,,,,
1012,0.0774,8.080330773774365e-05,2.98,1011,,,,,,,,,
1013,0.0833,8.068517424689899e-05,2.98,1012,,,,,,,,,
1014,0.0814,8.056704075605435e-05,2.98,1013,,,,,,,,,
1015,0.0745,8.04489072652097e-05,2.99,1014,,,,,,,,,
1016,0.0732,8.033077377436503e-05,2.99,1015,,,,,,,,,
1017,0.086,8.021264028352037e-05,2.99,1016,,,,,,,,,
1018,0.0825,8.009450679267573e-05,3.0,1017,,,,,,,,,
1019,0.0783,7.997637330183108e-05,3.0,1018,,,,,,,,,
1020,,,3.0,1018,0.14463984966278076,386.296,13.891,1.737,,,,,
1021,0.0816,7.985823981098642e-05,3.0,1019,,,,,,,,,
1022,0.0648,7.974010632014176e-05,3.0,1020,,,,,,,,,
1023,0.059,7.962197282929712e-05,3.01,1021,,,,,,,,,
1024,0.0589,7.950383933845246e-05,3.01,1022,,,,,,,,,
1025,0.0632,7.93857058476078e-05,3.01,1023,,,,,,,,,
1026,0.0656,7.926757235676314e-05,3.02,1024,,,,,,,,,
1027,0.0547,7.914943886591848e-05,3.02,1025,,,,,,,,,
1028,0.0621,7.903130537507384e-05,3.02,1026,,,,,,,,,
1029,0.0613,7.891317188422919e-05,3.02,1027,,,,,,,,,
1030,0.0589,7.879503839338452e-05,3.03,1028,,,,,,,,,
1031,0.0601,7.867690490253987e-05,3.03,1029,,,,,,,,,
1032,0.0582,7.855877141169523e-05,3.03,1030,,,,,,,,,
1033,0.0603,7.844063792085057e-05,3.04,1031,,,,,,,,,
1034,0.0552,7.83225044300059e-05,3.04,1032,,,,,,,,,
1035,0.06,7.820437093916125e-05,3.04,1033,,,,,,,,,
1036,0.059,7.808623744831661e-05,3.05,1034,,,,,,,,,
1037,0.0632,7.796810395747195e-05,3.05,1035,,,,,,,,,
1038,0.0562,7.78499704666273e-05,3.05,1036,,,,,,,,,
1039,0.062,7.773183697578263e-05,3.05,1037,,,,,,,,,
1040,0.06,7.761370348493798e-05,3.06,1038,,,,,,,,,
1041,0.0688,7.749556999409334e-05,3.06,1039,,,,,,,,,
1042,0.0647,7.737743650324868e-05,3.06,1040,,,,,,,,,
1043,0.0638,7.725930301240401e-05,3.07,1041,,,,,,,,,
1044,0.0621,7.714116952155936e-05,3.07,1042,,,,,,,,,
1045,0.0636,7.702303603071472e-05,3.07,1043,,,,,,,,,
1046,0.0613,7.690490253987006e-05,3.07,1044,,,,,,,,,
1047,0.0586,7.67867690490254e-05,3.08,1045,,,,,,,,,
1048,0.0653,7.666863555818074e-05,3.08,1046,,,,,,,,,
1049,0.0661,7.655050206733609e-05,3.08,1047,,,,,,,,,
1050,0.0589,7.643236857649145e-05,3.09,1048,,,,,,,,,
1051,0.0595,7.631423508564678e-05,3.09,1049,,,,,,,,,
1052,0.0658,7.619610159480212e-05,3.09,1050,,,,,,,,,
1053,0.0588,7.607796810395747e-05,3.1,1051,,,,,,,,,
1054,0.0614,7.595983461311283e-05,3.1,1052,,,,,,,,,
1055,0.059,7.584170112226817e-05,3.1,1053,,,,,,,,,
1056,0.0549,7.57235676314235e-05,3.1,1054,,,,,,,,,
1057,0.0543,7.560543414057885e-05,3.11,1055,,,,,,,,,
1058,0.0583,7.548730064973421e-05,3.11,1056,,,,,,,,,
1059,0.062,7.536916715888956e-05,3.11,1057,,,,,,,,,
1060,0.0601,7.525103366804489e-05,3.12,1058,,,,,,,,,
1061,0.0605,7.513290017720023e-05,3.12,1059,,,,,,,,,
1062,0.0569,7.501476668635558e-05,3.12,1060,,,,,,,,,
1063,0.0585,7.489663319551094e-05,3.12,1061,,,,,,,,,
1064,0.0642,7.477849970466627e-05,3.13,1062,,,,,,,,,
1065,0.0693,7.466036621382162e-05,3.13,1063,,,,,,,,,
1066,0.0584,7.454223272297696e-05,3.13,1064,,,,,,,,,
1067,0.0558,7.442409923213232e-05,3.14,1065,,,,,,,,,
1068,0.0614,7.430596574128765e-05,3.14,1066,,,,,,,,,
1069,0.0694,7.4187832250443e-05,3.14,1067,,,,,,,,,
1070,0.0634,7.406969875959835e-05,3.15,1068,,,,,,,,,
1071,0.0625,7.395156526875369e-05,3.15,1069,,,,,,,,,
1072,0.0636,7.383343177790905e-05,3.15,1070,,,,,,,,,
1073,0.0614,7.371529828706438e-05,3.15,1071,,,,,,,,,
1074,0.0647,7.359716479621973e-05,3.16,1072,,,,,,,,,
1075,0.0613,7.347903130537507e-05,3.16,1073,,,,,,,,,
1076,0.0664,7.336089781453043e-05,3.16,1074,,,,,,,,,
1077,0.0605,7.324276432368576e-05,3.17,1075,,,,,,,,,
1078,0.0615,7.312463083284111e-05,3.17,1076,,,,,,,,,
1079,0.0689,7.300649734199646e-05,3.17,1077,,,,,,,,,
1080,0.0609,7.288836385115181e-05,3.17,1078,,,,,,,,,
1081,0.0617,7.277023036030715e-05,3.18,1079,,,,,,,,,
1082,0.0583,7.265209686946249e-05,3.18,1080,,,,,,,,,
1083,0.0576,7.253396337861784e-05,3.18,1081,,,,,,,,,
1084,0.0697,7.241582988777318e-05,3.19,1082,,,,,,,,,
1085,0.0661,7.229769639692854e-05,3.19,1083,,,,,,,,,
1086,0.0621,7.217956290608387e-05,3.19,1084,,,,,,,,,
1087,0.0616,7.206142941523922e-05,3.2,1085,,,,,,,,,
1088,0.0614,7.194329592439457e-05,3.2,1086,,,,,,,,,
1089,0.0668,7.182516243354993e-05,3.2,1087,,,,,,,,,
1090,0.0651,7.170702894270526e-05,3.2,1088,,,,,,,,,
1091,0.0654,7.15888954518606e-05,3.21,1089,,,,,,,,,
1092,0.0628,7.147076196101595e-05,3.21,1090,,,,,,,,,
1093,0.0625,7.135262847017131e-05,3.21,1091,,,,,,,,,
1094,0.06,7.123449497932664e-05,3.22,1092,,,,,,,,,
1095,0.0622,7.111636148848199e-05,3.22,1093,,,,,,,,,
1096,0.0648,7.099822799763733e-05,3.22,1094,,,,,,,,,
1097,0.0662,7.088009450679268e-05,3.22,1095,,,,,,,,,
1098,0.0616,7.076196101594802e-05,3.23,1096,,,,,,,,,
1099,0.0613,7.064382752510337e-05,3.23,1097,,,,,,,,,
1100,0.0582,7.052569403425871e-05,3.23,1098,,,,,,,,,
1101,0.0643,7.040756054341406e-05,3.24,1099,,,,,,,,,
1102,0.0645,7.028942705256942e-05,3.24,1100,,,,,,,,,
1103,0.0604,7.017129356172475e-05,3.24,1101,,,,,,,,,
1104,0.0655,7.00531600708801e-05,3.25,1102,,,,,,,,,
1105,0.064,6.993502658003544e-05,3.25,1103,,,,,,,,,
1106,0.0552,6.981689308919079e-05,3.25,1104,,,,,,,,,
1107,0.0605,6.969875959834613e-05,3.25,1105,,,,,,,,,
1108,0.0605,6.958062610750148e-05,3.26,1106,,,,,,,,,
1109,0.0643,6.946249261665682e-05,3.26,1107,,,,,,,,,
1110,0.0663,6.934435912581217e-05,3.26,1108,,,,,,,,,
1111,0.0597,6.922622563496752e-05,3.27,1109,,,,,,,,,
1112,0.0697,6.910809214412286e-05,3.27,1110,,,,,,,,,
1113,0.0577,6.89899586532782e-05,3.27,1111,,,,,,,,,
1114,0.0587,6.887182516243355e-05,3.27,1112,,,,,,,,,
1115,0.0666,6.87536916715889e-05,3.28,1113,,,,,,,,,
1116,0.0686,6.863555818074424e-05,3.28,1114,,,,,,,,,
1117,0.0552,6.851742468989959e-05,3.28,1115,,,,,,,,,
1118,0.0649,6.839929119905493e-05,3.29,1116,,,,,,,,,
1119,0.0589,6.828115770821028e-05,3.29,1117,,,,,,,,,
1120,0.0623,6.816302421736563e-05,3.29,1118,,,,,,,,,
1121,0.0586,6.804489072652097e-05,3.3,1119,,,,,,,,,
1122,0.0642,6.792675723567632e-05,3.3,1120,,,,,,,,,
1123,0.0612,6.780862374483166e-05,3.3,1121,,,,,,,,,
1124,0.0633,6.769049025398701e-05,3.3,1122,,,,,,,,,
1125,0.0608,6.757235676314235e-05,3.31,1123,,,,,,,,,
1126,0.0597,6.74542232722977e-05,3.31,1124,,,,,,,,,
1127,0.0615,6.733608978145304e-05,3.31,1125,,,,,,,,,
1128,0.0678,6.721795629060839e-05,3.32,1126,,,,,,,,,
1129,0.0639,6.709982279976374e-05,3.32,1127,,,,,,,,,
1130,0.0612,6.698168930891908e-05,3.32,1128,,,,,,,,,
1131,0.0576,6.686355581807443e-05,3.32,1129,,,,,,,,,
1132,0.0738,6.674542232722977e-05,3.33,1130,,,,,,,,,
1133,0.0645,6.662728883638512e-05,3.33,1131,,,,,,,,,
1134,0.0602,6.650915534554046e-05,3.33,1132,,,,,,,,,
1135,0.062,6.639102185469581e-05,3.34,1133,,,,,,,,,
1136,0.0651,6.627288836385116e-05,3.34,1134,,,,,,,,,
1137,0.0627,6.61547548730065e-05,3.34,1135,,,,,,,,,
1138,0.058,6.603662138216185e-05,3.35,1136,,,,,,,,,
1139,0.0617,6.591848789131719e-05,3.35,1137,,,,,,,,,
1140,0.0569,6.580035440047254e-05,3.35,1138,,,,,,,,,
1141,0.0615,6.568222090962788e-05,3.35,1139,,,,,,,,,
1142,0.0592,6.556408741878323e-05,3.36,1140,,,,,,,,,
1143,0.0594,6.544595392793857e-05,3.36,1141,,,,,,,,,
1144,0.0618,6.532782043709392e-05,3.36,1142,,,,,,,,,
1145,0.0668,6.520968694624927e-05,3.37,1143,,,,,,,,,
1146,0.0599,6.509155345540461e-05,3.37,1144,,,,,,,,,
1147,0.0658,6.497341996455996e-05,3.37,1145,,,,,,,,,
1148,0.0609,6.48552864737153e-05,3.37,1146,,,,,,,,,
1149,0.0634,6.473715298287065e-05,3.38,1147,,,,,,,,,
1150,0.0611,6.4619019492026e-05,3.38,1148,,,,,,,,,
1151,0.0662,6.450088600118134e-05,3.38,1149,,,,,,,,,
1152,0.0646,6.438275251033668e-05,3.39,1150,,,,,,,,,
1153,0.0668,6.426461901949203e-05,3.39,1151,,,,,,,,,
1154,0.0614,6.414648552864738e-05,3.39,1152,,,,,,,,,
1155,0.0608,6.402835203780272e-05,3.4,1153,,,,,,,,,
1156,0.0684,6.391021854695807e-05,3.4,1154,,,,,,,,,
1157,0.0596,6.379208505611341e-05,3.4,1155,,,,,,,,,
1158,0.0618,6.367395156526876e-05,3.4,1156,,,,,,,,,
1159,0.0608,6.35558180744241e-05,3.41,1157,,,,,,,,,
1160,0.059,6.343768458357945e-05,3.41,1158,,,,,,,,,
1161,0.0575,6.33195510927348e-05,3.41,1159,,,,,,,,,
1162,0.0592,6.320141760189013e-05,3.42,1160,,,,,,,,,
1163,0.0619,6.308328411104549e-05,3.42,1161,,,,,,,,,
1164,0.0643,6.296515062020083e-05,3.42,1162,,,,,,,,,
1165,0.0655,6.284701712935618e-05,3.42,1163,,,,,,,,,
1166,0.0634,6.272888363851152e-05,3.43,1164,,,,,,,,,
1167,0.0639,6.261075014766687e-05,3.43,1165,,,,,,,,,
1168,0.0631,6.249261665682221e-05,3.43,1166,,,,,,,,,
1169,0.0676,6.237448316597756e-05,3.44,1167,,,,,,,,,
1170,0.0647,6.22563496751329e-05,3.44,1168,,,,,,,,,
1171,0.0649,6.213821618428825e-05,3.44,1169,,,,,,,,,
1172,0.0598,6.20200826934436e-05,3.45,1170,,,,,,,,,
1173,0.0571,6.190194920259894e-05,3.45,1171,,,,,,,,,
1174,0.0653,6.178381571175429e-05,3.45,1172,,,,,,,,,
1175,0.0573,6.166568222090962e-05,3.45,1173,,,,,,,,,
1176,0.0639,6.154754873006498e-05,3.46,1174,,,,,,,,,
1177,0.0628,6.142941523922033e-05,3.46,1175,,,,,,,,,
1178,0.068,6.131128174837567e-05,3.46,1176,,,,,,,,,
1179,0.0549,6.1193148257531e-05,3.47,1177,,,,,,,,,
1180,0.063,6.107501476668636e-05,3.47,1178,,,,,,,,,
1181,0.0597,6.09568812758417e-05,3.47,1179,,,,,,,,,
1182,0.0599,6.083874778499705e-05,3.48,1180,,,,,,,,,
1183,0.0656,6.07206142941524e-05,3.48,1181,,,,,,,,,
1184,0.0565,6.060248080330774e-05,3.48,1182,,,,,,,,,
1185,0.0638,6.048434731246308e-05,3.48,1183,,,,,,,,,
1186,0.0627,6.0366213821618436e-05,3.49,1184,,,,,,,,,
1187,0.0616,6.024808033077378e-05,3.49,1185,,,,,,,,,
1188,0.0642,6.012994683992912e-05,3.49,1186,,,,,,,,,
1189,0.0585,6.0011813349084466e-05,3.5,1187,,,,,,,,,
1190,0.0558,5.989367985823982e-05,3.5,1188,,,,,,,,,
1191,0.0664,5.9775546367395164e-05,3.5,1189,,,,,,,,,
1192,0.0617,5.96574128765505e-05,3.5,1190,,,,,,,,,
1193,0.058,5.953927938570585e-05,3.51,1191,,,,,,,,,
1194,0.0671,5.9421145894861194e-05,3.51,1192,,,,,,,,,
1195,0.0599,5.9303012404016546e-05,3.51,1193,,,,,,,,,
1196,0.0663,5.9184878913171885e-05,3.52,1194,,,,,,,,,
1197,0.0727,5.906674542232723e-05,3.52,1195,,,,,,,,,
1198,0.063,5.8948611931482576e-05,3.52,1196,,,,,,,,,
1199,0.0697,5.883047844063793e-05,3.53,1197,,,,,,,,,
1200,0.0566,5.8712344949793274e-05,3.53,1198,,,,,,,,,
1201,0.0628,5.859421145894861e-05,3.53,1199,,,,,,,,,
1202,0.0622,5.847607796810396e-05,3.53,1200,,,,,,,,,
1203,0.0577,5.835794447725931e-05,3.54,1201,,,,,,,,,
1204,0.0565,5.8239810986414656e-05,3.54,1202,,,,,,,,,
1205,0.0575,5.8121677495569995e-05,3.54,1203,,,,,,,,,
1206,0.0663,5.800354400472534e-05,3.55,1204,,,,,,,,,
1207,0.0592,5.7885410513880687e-05,3.55,1205,,,,,,,,,
1208,0.059,5.776727702303604e-05,3.55,1206,,,,,,,,,
1209,0.0581,5.764914353219137e-05,3.55,1207,,,,,,,,,
1210,0.0637,5.753101004134672e-05,3.56,1208,,,,,,,,,
1211,0.0733,5.741287655050207e-05,3.56,1209,,,,,,,,,
1212,0.0637,5.729474305965742e-05,3.56,1210,,,,,,,,,
1213,0.0705,5.7176609568812753e-05,3.57,1211,,,,,,,,,
1214,0.0664,5.7058476077968106e-05,3.57,1212,,,,,,,,,
1215,0.0617,5.694034258712345e-05,3.57,1213,,,,,,,,,
1216,0.0543,5.68222090962788e-05,3.58,1214,,,,,,,,,
1217,0.0573,5.670407560543415e-05,3.58,1215,,,,,,,,,
1218,0.0616,5.658594211458949e-05,3.58,1216,,,,,,,,,
1219,0.0581,5.6467808623744834e-05,3.58,1217,,,,,,,,,
1220,0.0641,5.634967513290018e-05,3.59,1218,,,,,,,,,
1221,0.0616,5.623154164205553e-05,3.59,1219,,,,,,,,,
1222,0.0643,5.6113408151210864e-05,3.59,1220,,,,,,,,,
1223,0.0585,5.5995274660366216e-05,3.6,1221,,,,,,,,,
1224,0.0652,5.587714116952156e-05,3.6,1222,,,,,,,,,
1225,0.0659,5.5759007678676914e-05,3.6,1223,,,,,,,,,
1226,0.0636,5.5640874187832246e-05,3.6,1224,,,,,,,,,
1227,0.0684,5.55227406969876e-05,3.61,1225,,,,,,,,,
1228,0.059,5.5404607206142944e-05,3.61,1226,,,,,,,,,
1229,0.0624,5.528647371529829e-05,3.61,1227,,,,,,,,,
1230,0.0629,5.516834022445364e-05,3.62,1228,,,,,,,,,
1231,0.0615,5.505020673360898e-05,3.62,1229,,,,,,,,,
1232,0.0634,5.493207324276433e-05,3.62,1230,,,,,,,,,
1233,0.0633,5.481393975191967e-05,3.63,1231,,,,,,,,,
1234,0.0622,5.4695806261075025e-05,3.63,1232,,,,,,,,,
1235,0.0627,5.457767277023036e-05,3.63,1233,,,,,,,,,
1236,0.0647,5.445953927938571e-05,3.63,1234,,,,,,,,,
1237,0.0622,5.4341405788541055e-05,3.64,1235,,,,,,,,,
1238,0.067,5.42232722976964e-05,3.64,1236,,,,,,,,,
1239,0.0629,5.410513880685174e-05,3.64,1237,,,,,,,,,
1240,0.0621,5.398700531600709e-05,3.65,1238,,,,,,,,,
1241,0.0638,5.386887182516244e-05,3.65,1239,,,,,,,,,
1242,0.0569,5.375073833431778e-05,3.65,1240,,,,,,,,,
1243,0.0577,5.363260484347312e-05,3.65,1241,,,,,,,,,
1244,0.059,5.351447135262847e-05,3.66,1242,,,,,,,,,
1245,0.0613,5.339633786178382e-05,3.66,1243,,,,,,,,,
1246,0.0568,5.3278204370939165e-05,3.66,1244,,,,,,,,,
1247,0.0612,5.316007088009452e-05,3.67,1245,,,,,,,,,
1248,0.0629,5.304193738924985e-05,3.67,1246,,,,,,,,,
1249,0.0677,5.29238038984052e-05,3.67,1247,,,,,,,,,
1250,0.0605,5.280567040756055e-05,3.68,1248,,,,,,,,,
1251,0.0651,5.268753691671589e-05,3.68,1249,,,,,,,,,
1252,0.0608,5.256940342587123e-05,3.68,1250,,,,,,,,,
1253,0.0733,5.2451269935026584e-05,3.68,1251,,,,,,,,,
1254,0.0638,5.233313644418193e-05,3.69,1252,,,,,,,,,
1255,0.0685,5.2215002953337276e-05,3.69,1253,,,,,,,,,
1256,0.0628,5.2096869462492614e-05,3.69,1254,,,,,,,,,
1257,0.0615,5.197873597164796e-05,3.7,1255,,,,,,,,,
1258,0.0652,5.186060248080331e-05,3.7,1256,,,,,,,,,
1259,0.0654,5.174246898995866e-05,3.7,1257,,,,,,,,,
1260,0.0644,5.1624335499114e-05,3.7,1258,,,,,,,,,
1261,0.0671,5.150620200826934e-05,3.71,1259,,,,,,,,,
1262,0.0612,5.1388068517424695e-05,3.71,1260,,,,,,,,,
1263,0.0657,5.126993502658004e-05,3.71,1261,,,,,,,,,
1264,0.0584,5.1151801535735386e-05,3.72,1262,,,,,,,,,
1265,0.0632,5.1033668044890725e-05,3.72,1263,,,,,,,,,
1266,0.064,5.091553455404607e-05,3.72,1264,,,,,,,,,
1267,0.0568,5.079740106320142e-05,3.73,1265,,,,,,,,,
1268,0.0653,5.067926757235677e-05,3.73,1266,,,,,,,,,
1269,0.0624,5.056113408151211e-05,3.73,1267,,,,,,,,,
1270,0.0597,5.044300059066745e-05,3.73,1268,,,,,,,,,
1271,0.0598,5.0324867099822805e-05,3.74,1269,,,,,,,,,
1272,0.0663,5.020673360897815e-05,3.74,1270,,,,,,,,,
1273,0.0622,5.008860011813349e-05,3.74,1271,,,,,,,,,
1274,0.0578,4.9970466627288835e-05,3.75,1272,,,,,,,,,
1275,0.0662,4.985233313644419e-05,3.75,1273,,,,,,,,,
1276,0.058,4.973419964559953e-05,3.75,1274,,,,,,,,,
1277,0.0664,4.961606615475487e-05,3.75,1275,,,,,,,,,
1278,0.0635,4.9497932663910225e-05,3.76,1276,,,,,,,,,
1279,0.058,4.9379799173065563e-05,3.76,1277,,,,,,,,,
1280,0.0637,4.9261665682220916e-05,3.76,1278,,,,,,,,,
1281,0.0593,4.9143532191376255e-05,3.77,1279,,,,,,,,,
1282,0.0582,4.902539870053161e-05,3.77,1280,,,,,,,,,
1283,0.063,4.8907265209686946e-05,3.77,1281,,,,,,,,,
1284,0.0639,4.87891317188423e-05,3.78,1282,,,,,,,,,
1285,0.0659,4.867099822799764e-05,3.78,1283,,,,,,,,,
1286,0.059,4.855286473715299e-05,3.78,1284,,,,,,,,,
1287,0.0711,4.843473124630833e-05,3.78,1285,,,,,,,,,
1288,0.0678,4.8316597755463674e-05,3.79,1286,,,,,,,,,
1289,0.0599,4.819846426461902e-05,3.79,1287,,,,,,,,,
1290,0.0692,4.8080330773774365e-05,3.79,1288,,,,,,,,,
1291,0.0608,4.796219728292971e-05,3.8,1289,,,,,,,,,
1292,0.058,4.7844063792085056e-05,3.8,1290,,,,,,,,,
1293,0.0614,4.77259303012404e-05,3.8,1291,,,,,,,,,
1294,0.061,4.760779681039575e-05,3.8,1292,,,,,,,,,
1295,0.0605,4.74896633195511e-05,3.81,1293,,,,,,,,,
1296,0.0568,4.737152982870644e-05,3.81,1294,,,,,,,,,
1297,0.0647,4.725339633786179e-05,3.81,1295,,,,,,,,,
1298,0.0664,4.713526284701713e-05,3.82,1296,,,,,,,,,
1299,0.0648,4.701712935617248e-05,3.82,1297,,,,,,,,,
1300,0.0581,4.689899586532782e-05,3.82,1298,,,,,,,,,
1301,0.0696,4.678086237448317e-05,3.83,1299,,,,,,,,,
1302,0.0579,4.666272888363851e-05,3.83,1300,,,,,,,,,
1303,0.0588,4.654459539279386e-05,3.83,1301,,,,,,,,,
1304,0.0563,4.6426461901949204e-05,3.83,1302,,,,,,,,,
1305,0.0598,4.630832841110455e-05,3.84,1303,,,,,,,,,
1306,0.0623,4.6190194920259895e-05,3.84,1304,,,,,,,,,
1307,0.0699,4.607206142941524e-05,3.84,1305,,,,,,,,,
1308,0.0698,4.5953927938570586e-05,3.85,1306,,,,,,,,,
1309,0.0684,4.583579444772593e-05,3.85,1307,,,,,,,,,
1310,0.0572,4.571766095688128e-05,3.85,1308,,,,,,,,,
1311,0.0611,4.559952746603662e-05,3.85,1309,,,,,,,,,
1312,0.0627,4.548139397519197e-05,3.86,1310,,,,,,,,,
1313,0.0612,4.5363260484347314e-05,3.86,1311,,,,,,,,,
1314,0.06,4.524512699350266e-05,3.86,1312,,,,,,,,,
1315,0.0579,4.5126993502658005e-05,3.87,1313,,,,,,,,,
1316,0.0608,4.500886001181335e-05,3.87,1314,,,,,,,,,
1317,0.0586,4.4890726520968697e-05,3.87,1315,,,,,,,,,
1318,0.0621,4.477259303012404e-05,3.88,1316,,,,,,,,,
1319,0.0611,4.465445953927939e-05,3.88,1317,,,,,,,,,
1320,0.0615,4.453632604843473e-05,3.88,1318,,,,,,,,,
1321,0.0591,4.441819255759008e-05,3.88,1319,,,,,,,,,
1322,0.0557,4.4300059066745425e-05,3.89,1320,,,,,,,,,
1323,0.0588,4.418192557590077e-05,3.89,1321,,,,,,,,,
1324,0.0634,4.4063792085056116e-05,3.89,1322,,,,,,,,,
1325,0.0586,4.394565859421146e-05,3.9,1323,,,,,,,,,
1326,0.0578,4.382752510336681e-05,3.9,1324,,,,,,,,,
1327,0.0676,4.370939161252215e-05,3.9,1325,,,,,,,,,
1328,0.0624,4.35912581216775e-05,3.91,1326,,,,,,,,,
1329,0.0616,4.3473124630832844e-05,3.91,1327,,,,,,,,,
1330,0.0646,4.335499113998819e-05,3.91,1328,,,,,,,,,
1331,0.062,4.3236857649143535e-05,3.91,1329,,,,,,,,,
1332,0.0651,4.311872415829888e-05,3.92,1330,,,,,,,,,
1333,0.0653,4.3000590667454226e-05,3.92,1331,,,,,,,,,
1334,0.0582,4.288245717660957e-05,3.92,1332,,,,,,,,,
1335,0.0637,4.276432368576492e-05,3.93,1333,,,,,,,,,
1336,0.0571,4.264619019492026e-05,3.93,1334,,,,,,,,,
1337,0.0604,4.252805670407561e-05,3.93,1335,,,,,,,,,
1338,0.0548,4.2409923213230954e-05,3.93,1336,,,,,,,,,
1339,0.0598,4.22917897223863e-05,3.94,1337,,,,,,,,,
1340,0.0583,4.217365623154164e-05,3.94,1338,,,,,,,,,
1341,0.0593,4.205552274069699e-05,3.94,1339,,,,,,,,,
1342,0.0684,4.193738924985233e-05,3.95,1340,,,,,,,,,
1343,0.0579,4.181925575900768e-05,3.95,1341,,,,,,,,,
1344,0.0628,4.170112226816303e-05,3.95,1342,,,,,,,,,
1345,0.0612,4.1582988777318373e-05,3.96,1343,,,,,,,,,
1346,0.0635,4.146485528647372e-05,3.96,1344,,,,,,,,,
1347,0.0606,4.1346721795629065e-05,3.96,1345,,,,,,,,,
1348,0.0629,4.122858830478441e-05,3.96,1346,,,,,,,,,
1349,0.062,4.1110454813939756e-05,3.97,1347,,,,,,,,,
1350,0.0585,4.09923213230951e-05,3.97,1348,,,,,,,,,
1351,0.0617,4.087418783225044e-05,3.97,1349,,,,,,,,,
1352,0.0535,4.075605434140579e-05,3.98,1350,,,,,,,,,
1353,0.0671,4.063792085056113e-05,3.98,1351,,,,,,,,,
1354,0.0582,4.0519787359716484e-05,3.98,1352,,,,,,,,,
1355,0.0593,4.040165386887182e-05,3.98,1353,,,,,,,,,
1356,0.0696,4.0283520378027175e-05,3.99,1354,,,,,,,,,
1357,0.0612,4.0165386887182514e-05,3.99,1355,,,,,,,,,
1358,0.0624,4.0047253396337866e-05,3.99,1356,,,,,,,,,
1359,0.0609,3.992911990549321e-05,4.0,1357,,,,,,,,,
1360,0.0605,3.981098641464856e-05,4.0,1358,,,,,,,,,
1361,,,4.0,1358,0.144515261054039,386.3572,13.889,1.737,,,,,
1362,0.0584,3.96928529238039e-05,4.0,1359,,,,,,,,,
1363,0.0508,3.957471943295924e-05,4.01,1360,,,,,,,,,
1364,0.0483,3.9456585942114594e-05,4.01,1361,,,,,,,,,
1365,0.0531,3.933845245126993e-05,4.01,1362,,,,,,,,,
1366,0.0521,3.9220318960425286e-05,4.01,1363,,,,,,,,,
1367,0.0548,3.9102185469580624e-05,4.02,1364,,,,,,,,,
1368,0.0541,3.898405197873598e-05,4.02,1365,,,,,,,,,
1369,0.0527,3.8865918487891316e-05,4.02,1366,,,,,,,,,
1370,0.0543,3.874778499704667e-05,4.03,1367,,,,,,,,,
1371,0.0483,3.862965150620201e-05,4.03,1368,,,,,,,,,
1372,0.0461,3.851151801535736e-05,4.03,1369,,,,,,,,,
1373,0.0522,3.83933845245127e-05,4.03,1370,,,,,,,,,
1374,0.05,3.8275251033668044e-05,4.04,1371,,,,,,,,,
1375,0.0532,3.815711754282339e-05,4.04,1372,,,,,,,,,
1376,0.0519,3.8038984051978735e-05,4.04,1373,,,,,,,,,
1377,0.052,3.792085056113409e-05,4.05,1374,,,,,,,,,
1378,0.0482,3.7802717070289426e-05,4.05,1375,,,,,,,,,
1379,0.0461,3.768458357944478e-05,4.05,1376,,,,,,,,,
1380,0.0532,3.756645008860012e-05,4.06,1377,,,,,,,,,
1381,0.0496,3.744831659775547e-05,4.06,1378,,,,,,,,,
1382,0.0543,3.733018310691081e-05,4.06,1379,,,,,,,,,
1383,0.0539,3.721204961606616e-05,4.06,1380,,,,,,,,,
1384,0.0503,3.70939161252215e-05,4.07,1381,,,,,,,,,
1385,0.0512,3.6975782634376845e-05,4.07,1382,,,,,,,,,
1386,0.0496,3.685764914353219e-05,4.07,1383,,,,,,,,,
1387,0.056,3.6739515652687537e-05,4.08,1384,,,,,,,,,
1388,0.0477,3.662138216184288e-05,4.08,1385,,,,,,,,,
1389,0.05,3.650324867099823e-05,4.08,1386,,,,,,,,,
1390,0.0492,3.6385115180153573e-05,4.08,1387,,,,,,,,,
1391,0.0507,3.626698168930892e-05,4.09,1388,,,,,,,,,
1392,0.0511,3.614884819846427e-05,4.09,1389,,,,,,,,,
1393,0.0558,3.603071470761961e-05,4.09,1390,,,,,,,,,
1394,0.0504,3.591258121677496e-05,4.1,1391,,,,,,,,,
1395,0.0479,3.57944477259303e-05,4.1,1392,,,,,,,,,
1396,0.0471,3.5676314235085654e-05,4.1,1393,,,,,,,,,
1397,0.0555,3.555818074424099e-05,4.11,1394,,,,,,,,,
1398,0.0552,3.544004725339634e-05,4.11,1395,,,,,,,,,
1399,0.052,3.5321913762551684e-05,4.11,1396,,,,,,,,,
1400,0.0502,3.520378027170703e-05,4.11,1397,,,,,,,,,
1401,0.0526,3.5085646780862375e-05,4.12,1398,,,,,,,,,
1402,0.0527,3.496751329001772e-05,4.12,1399,,,,,,,,,
1403,0.0544,3.4849379799173066e-05,4.12,1400,,,,,,,,,
1404,0.0553,3.473124630832841e-05,4.13,1401,,,,,,,,,
1405,0.0576,3.461311281748376e-05,4.13,1402,,,,,,,,,
1406,0.0489,3.44949793266391e-05,4.13,1403,,,,,,,,,
1407,0.0544,3.437684583579445e-05,4.13,1404,,,,,,,,,
1408,0.0549,3.4258712344949794e-05,4.14,1405,,,,,,,,,
1409,0.0521,3.414057885410514e-05,4.14,1406,,,,,,,,,
1410,0.0548,3.4022445363260486e-05,4.14,1407,,,,,,,,,
1411,0.0522,3.390431187241583e-05,4.15,1408,,,,,,,,,
1412,0.0509,3.378617838157118e-05,4.15,1409,,,,,,,,,
1413,0.0562,3.366804489072652e-05,4.15,1410,,,,,,,,,
1414,0.0534,3.354991139988187e-05,4.16,1411,,,,,,,,,
1415,0.0467,3.3431777909037214e-05,4.16,1412,,,,,,,,,
1416,0.0507,3.331364441819256e-05,4.16,1413,,,,,,,,,
1417,0.0512,3.3195510927347905e-05,4.16,1414,,,,,,,,,
1418,0.0513,3.307737743650325e-05,4.17,1415,,,,,,,,,
1419,0.0493,3.2959243945658596e-05,4.17,1416,,,,,,,,,
1420,0.0508,3.284111045481394e-05,4.17,1417,,,,,,,,,
1421,0.0524,3.272297696396929e-05,4.18,1418,,,,,,,,,
1422,0.0517,3.260484347312463e-05,4.18,1419,,,,,,,,,
1423,0.0537,3.248670998227998e-05,4.18,1420,,,,,,,,,
1424,0.0551,3.2368576491435324e-05,4.18,1421,,,,,,,,,
1425,0.0556,3.225044300059067e-05,4.19,1422,,,,,,,,,
1426,0.0515,3.2132309509746015e-05,4.19,1423,,,,,,,,,
1427,0.0529,3.201417601890136e-05,4.19,1424,,,,,,,,,
1428,0.0512,3.1896042528056706e-05,4.2,1425,,,,,,,,,
1429,0.0513,3.177790903721205e-05,4.2,1426,,,,,,,,,
1430,0.0564,3.16597755463674e-05,4.2,1427,,,,,,,,,
1431,0.0482,3.154164205552274e-05,4.21,1428,,,,,,,,,
1432,0.0543,3.142350856467809e-05,4.21,1429,,,,,,,,,
1433,0.054,3.1305375073833435e-05,4.21,1430,,,,,,,,,
1434,0.049,3.118724158298878e-05,4.21,1431,,,,,,,,,
1435,0.0525,3.1069108092144126e-05,4.22,1432,,,,,,,,,
1436,0.0567,3.095097460129947e-05,4.22,1433,,,,,,,,,
1437,0.0556,3.083284111045481e-05,4.22,1434,,,,,,,,,
1438,0.0553,3.071470761961016e-05,4.23,1435,,,,,,,,,
1439,0.0497,3.05965741287655e-05,4.23,1436,,,,,,,,,
1440,0.0563,3.047844063792085e-05,4.23,1437,,,,,,,,,
1441,0.0554,3.03603071470762e-05,4.23,1438,,,,,,,,,
1442,0.0519,3.024217365623154e-05,4.24,1439,,,,,,,,,
1443,0.0493,3.012404016538689e-05,4.24,1440,,,,,,,,,
1444,0.0556,3.0005906674542233e-05,4.24,1441,,,,,,,,,
1445,0.0515,2.9887773183697582e-05,4.25,1442,,,,,,,,,
1446,0.0506,2.9769639692852924e-05,4.25,1443,,,,,,,,,
1447,0.0543,2.9651506202008273e-05,4.25,1444,,,,,,,,,
1448,0.0522,2.9533372711163615e-05,4.26,1445,,,,,,,,,
1449,0.0507,2.9415239220318964e-05,4.26,1446,,,,,,,,,
1450,0.0546,2.9297105729474306e-05,4.26,1447,,,,,,,,,
1451,0.0564,2.9178972238629655e-05,4.26,1448,,,,,,,,,
1452,0.0545,2.9060838747784998e-05,4.27,1449,,,,,,,,,
1453,0.0541,2.8942705256940343e-05,4.27,1450,,,,,,,,,
1454,0.0546,2.8824571766095685e-05,4.27,1451,,,,,,,,,
1455,0.0503,2.8706438275251034e-05,4.28,1452,,,,,,,,,
1456,0.0537,2.8588304784406377e-05,4.28,1453,,,,,,,,,
1457,0.0486,2.8470171293561726e-05,4.28,1454,,,,,,,,,
1458,0.0525,2.8352037802717075e-05,4.28,1455,,,,,,,,,
1459,0.055,2.8233904311872417e-05,4.29,1456,,,,,,,,,
1460,0.0542,2.8115770821027766e-05,4.29,1457,,,,,,,,,
1461,0.0491,2.7997637330183108e-05,4.29,1458,,,,,,,,,
1462,0.0509,2.7879503839338457e-05,4.3,1459,,,,,,,,,
1463,0.05,2.77613703484938e-05,4.3,1460,,,,,,,,,
1464,0.0529,2.7643236857649145e-05,4.3,1461,,,,,,,,,
1465,0.0566,2.752510336680449e-05,4.31,1462,,,,,,,,,
1466,0.0507,2.7406969875959836e-05,4.31,1463,,,,,,,,,
1467,0.0493,2.728883638511518e-05,4.31,1464,,,,,,,,,
1468,0.0516,2.7170702894270527e-05,4.31,1465,,,,,,,,,
1469,0.0498,2.705256940342587e-05,4.32,1466,,,,,,,,,
1470,0.0494,2.693443591258122e-05,4.32,1467,,,,,,,,,
1471,0.0523,2.681630242173656e-05,4.32,1468,,,,,,,,,
1472,0.0483,2.669816893089191e-05,4.33,1469,,,,,,,,,
1473,0.0572,2.658003544004726e-05,4.33,1470,,,,,,,,,
1474,0.0566,2.64619019492026e-05,4.33,1471,,,,,,,,,
1475,0.0494,2.6343768458357947e-05,4.33,1472,,,,,,,,,
1476,0.0515,2.6225634967513292e-05,4.34,1473,,,,,,,,,
1477,0.0532,2.6107501476668638e-05,4.34,1474,,,,,,,,,
1478,0.0569,2.598936798582398e-05,4.34,1475,,,,,,,,,
1479,0.0541,2.587123449497933e-05,4.35,1476,,,,,,,,,
1480,0.0501,2.575310100413467e-05,4.35,1477,,,,,,,,,
1481,0.0505,2.563496751329002e-05,4.35,1478,,,,,,,,,
1482,0.0514,2.5516834022445362e-05,4.36,1479,,,,,,,,,
1483,0.044,2.539870053160071e-05,4.36,1480,,,,,,,,,
1484,0.0544,2.5280567040756054e-05,4.36,1481,,,,,,,,,
1485,0.0518,2.5162433549911403e-05,4.36,1482,,,,,,,,,
1486,0.0574,2.5044300059066745e-05,4.37,1483,,,,,,,,,
1487,0.0516,2.4926166568222094e-05,4.37,1484,,,,,,,,,
1488,0.0492,2.4808033077377436e-05,4.37,1485,,,,,,,,,
1489,0.0521,2.4689899586532782e-05,4.38,1486,,,,,,,,,
1490,0.056,2.4571766095688127e-05,4.38,1487,,,,,,,,,
1491,0.0496,2.4453632604843473e-05,4.38,1488,,,,,,,,,
1492,0.0486,2.433549911399882e-05,4.39,1489,,,,,,,,,
1493,0.0528,2.4217365623154164e-05,4.39,1490,,,,,,,,,
1494,0.0526,2.409923213230951e-05,4.39,1491,,,,,,,,,
1495,0.0514,2.3981098641464855e-05,4.39,1492,,,,,,,,,
1496,0.0554,2.38629651506202e-05,4.4,1493,,,,,,,,,
1497,0.0517,2.374483165977555e-05,4.4,1494,,,,,,,,,
1498,0.0504,2.3626698168930896e-05,4.4,1495,,,,,,,,,
1499,0.0563,2.350856467808624e-05,4.41,1496,,,,,,,,,
1500,0.0565,2.3390431187241583e-05,4.41,1497,,,,,,,,,
1501,0.0565,2.327229769639693e-05,4.41,1498,,,,,,,,,
1502,0.0587,2.3154164205552275e-05,4.41,1499,,,,,,,,,
1503,0.0509,2.303603071470762e-05,4.42,1500,,,,,,,,,
1504,0.0524,2.2917897223862966e-05,4.42,1501,,,,,,,,,
1505,0.0561,2.279976373301831e-05,4.42,1502,,,,,,,,,
1506,0.0551,2.2681630242173657e-05,4.43,1503,,,,,,,,,
1507,0.0496,2.2563496751329003e-05,4.43,1504,,,,,,,,,
1508,0.0521,2.2445363260484348e-05,4.43,1505,,,,,,,,,
1509,0.058,2.2327229769639694e-05,4.44,1506,,,,,,,,,
1510,0.056,2.220909627879504e-05,4.44,1507,,,,,,,,,
1511,0.0511,2.2090962787950385e-05,4.44,1508,,,,,,,,,
1512,0.0551,2.197282929710573e-05,4.44,1509,,,,,,,,,
1513,0.0546,2.1854695806261076e-05,4.45,1510,,,,,,,,,
1514,0.0519,2.1736562315416422e-05,4.45,1511,,,,,,,,,
1515,0.05,2.1618428824571767e-05,4.45,1512,,,,,,,,,
1516,0.0503,2.1500295333727113e-05,4.46,1513,,,,,,,,,
1517,0.0524,2.138216184288246e-05,4.46,1514,,,,,,,,,
1518,0.0526,2.1264028352037804e-05,4.46,1515,,,,,,,,,
1519,0.0569,2.114589486119315e-05,4.46,1516,,,,,,,,,
1520,0.0508,2.1027761370348496e-05,4.47,1517,,,,,,,,,
1521,0.0624,2.090962787950384e-05,4.47,1518,,,,,,,,,
1522,0.0535,2.0791494388659187e-05,4.47,1519,,,,,,,,,
1523,0.0562,2.0673360897814532e-05,4.48,1520,,,,,,,,,
1524,0.0485,2.0555227406969878e-05,4.48,1521,,,,,,,,,
1525,0.0569,2.043709391612522e-05,4.48,1522,,,,,,,,,
1526,0.0504,2.0318960425280566e-05,4.49,1523,,,,,,,,,
1527,0.0538,2.020082693443591e-05,4.49,1524,,,,,,,,,
1528,0.0511,2.0082693443591257e-05,4.49,1525,,,,,,,,,
1529,0.0567,1.9964559952746606e-05,4.49,1526,,,,,,,,,
1530,0.0512,1.984642646190195e-05,4.5,1527,,,,,,,,,
1531,0.0506,1.9728292971057297e-05,4.5,1528,,,,,,,,,
1532,0.0492,1.9610159480212643e-05,4.5,1529,,,,,,,,,
1533,0.0518,1.949202598936799e-05,4.51,1530,,,,,,,,,
1534,0.0545,1.9373892498523334e-05,4.51,1531,,,,,,,,,
1535,0.0543,1.925575900767868e-05,4.51,1532,,,,,,,,,
1536,0.0501,1.9137625516834022e-05,4.51,1533,,,,,,,,,
1537,0.048,1.9019492025989367e-05,4.52,1534,,,,,,,,,
1538,0.0556,1.8901358535144713e-05,4.52,1535,,,,,,,,,
1539,0.0514,1.878322504430006e-05,4.52,1536,,,,,,,,,
1540,0.0534,1.8665091553455404e-05,4.53,1537,,,,,,,,,
1541,0.0555,1.854695806261075e-05,4.53,1538,,,,,,,,,
1542,0.0564,1.8428824571766095e-05,4.53,1539,,,,,,,,,
1543,0.0566,1.831069108092144e-05,4.54,1540,,,,,,,,,
1544,0.0532,1.8192557590076787e-05,4.54,1541,,,,,,,,,
1545,0.0486,1.8074424099232136e-05,4.54,1542,,,,,,,,,
1546,0.053,1.795629060838748e-05,4.54,1543,,,,,,,,,
1547,0.0484,1.7838157117542827e-05,4.55,1544,,,,,,,,,
1548,0.0542,1.772002362669817e-05,4.55,1545,,,,,,,,,
1549,0.0566,1.7601890135853515e-05,4.55,1546,,,,,,,,,
1550,0.0505,1.748375664500886e-05,4.56,1547,,,,,,,,,
1551,0.0526,1.7365623154164206e-05,4.56,1548,,,,,,,,,
1552,0.0542,1.724748966331955e-05,4.56,1549,,,,,,,,,
1553,0.0503,1.7129356172474897e-05,4.56,1550,,,,,,,,,
1554,0.0524,1.7011222681630243e-05,4.57,1551,,,,,,,,,
1555,0.0555,1.689308919078559e-05,4.57,1552,,,,,,,,,
1556,0.0526,1.6774955699940934e-05,4.57,1553,,,,,,,,,
1557,0.0526,1.665682220909628e-05,4.58,1554,,,,,,,,,
1558,0.0496,1.6538688718251625e-05,4.58,1555,,,,,,,,,
1559,0.0498,1.642055522740697e-05,4.58,1556,,,,,,,,,
1560,0.0511,1.6302421736562316e-05,4.59,1557,,,,,,,,,
1561,0.0502,1.6184288245717662e-05,4.59,1558,,,,,,,,,
1562,0.0515,1.6066154754873008e-05,4.59,1559,,,,,,,,,
1563,0.0529,1.5948021264028353e-05,4.59,1560,,,,,,,,,
1564,0.0515,1.58298877731837e-05,4.6,1561,,,,,,,,,
1565,0.0552,1.5711754282339044e-05,4.6,1562,,,,,,,,,
1566,0.0574,1.559362079149439e-05,4.6,1563,,,,,,,,,
1567,0.0537,1.5475487300649736e-05,4.61,1564,,,,,,,,,
1568,0.0534,1.535735380980508e-05,4.61,1565,,,,,,,,,
1569,0.0521,1.5239220318960425e-05,4.61,1566,,,,,,,,,
1570,0.0486,1.512108682811577e-05,4.61,1567,,,,,,,,,
1571,0.0542,1.5002953337271116e-05,4.62,1568,,,,,,,,,
1572,0.0505,1.4884819846426462e-05,4.62,1569,,,,,,,,,
1573,0.0491,1.4766686355581808e-05,4.62,1570,,,,,,,,,
1574,0.0622,1.4648552864737153e-05,4.63,1571,,,,,,,,,
1575,0.0518,1.4530419373892499e-05,4.63,1572,,,,,,,,,
1576,0.0525,1.4412285883047843e-05,4.63,1573,,,,,,,,,
1577,0.0509,1.4294152392203188e-05,4.64,1574,,,,,,,,,
1578,0.055,1.4176018901358537e-05,4.64,1575,,,,,,,,,
1579,0.0469,1.4057885410513883e-05,4.64,1576,,,,,,,,,
1580,0.0521,1.3939751919669229e-05,4.64,1577,,,,,,,,,
1581,0.0477,1.3821618428824572e-05,4.65,1578,,,,,,,,,
1582,0.0549,1.3703484937979918e-05,4.65,1579,,,,,,,,,
1583,0.0511,1.3585351447135264e-05,4.65,1580,,,,,,,,,
1584,0.0559,1.346721795629061e-05,4.66,1581,,,,,,,,,
1585,0.0552,1.3349084465445955e-05,4.66,1582,,,,,,,,,
1586,0.0515,1.32309509746013e-05,4.66,1583,,,,,,,,,
1587,0.0524,1.3112817483756646e-05,4.66,1584,,,,,,,,,
1588,0.0518,1.299468399291199e-05,4.67,1585,,,,,,,,,
1589,0.0531,1.2876550502067336e-05,4.67,1586,,,,,,,,,
1590,0.0511,1.2758417011222681e-05,4.67,1587,,,,,,,,,
1591,0.0535,1.2640283520378027e-05,4.68,1588,,,,,,,,,
1592,0.0568,1.2522150029533372e-05,4.68,1589,,,,,,,,,
1593,0.0556,1.2404016538688718e-05,4.68,1590,,,,,,,,,
1594,0.057,1.2285883047844064e-05,4.69,1591,,,,,,,,,
1595,0.0585,1.216774955699941e-05,4.69,1592,,,,,,,,,
1596,0.0538,1.2049616066154755e-05,4.69,1593,,,,,,,,,
1597,0.0544,1.19314825753101e-05,4.69,1594,,,,,,,,,
1598,0.0561,1.1813349084465448e-05,4.7,1595,,,,,,,,,
1599,0.0564,1.1695215593620792e-05,4.7,1596,,,,,,,,,
1600,0.0544,1.1577082102776137e-05,4.7,1597,,,,,,,,,
1601,0.0548,1.1458948611931483e-05,4.71,1598,,,,,,,,,
1602,0.0509,1.1340815121086829e-05,4.71,1599,,,,,,,,,
1603,0.0527,1.1222681630242174e-05,4.71,1600,,,,,,,,,
1604,0.0532,1.110454813939752e-05,4.71,1601,,,,,,,,,
1605,0.0516,1.0986414648552865e-05,4.72,1602,,,,,,,,,
1606,0.0494,1.0868281157708211e-05,4.72,1603,,,,,,,,,
1607,0.0532,1.0750147666863557e-05,4.72,1604,,,,,,,,,
1608,0.0509,1.0632014176018902e-05,4.73,1605,,,,,,,,,
1609,0.0502,1.0513880685174248e-05,4.73,1606,,,,,,,,,
1610,0.0479,1.0395747194329593e-05,4.73,1607,,,,,,,,,
1611,0.0544,1.0277613703484939e-05,4.74,1608,,,,,,,,,
1612,0.0577,1.0159480212640283e-05,4.74,1609,,,,,,,,,
1613,0.0549,1.0041346721795629e-05,4.74,1610,,,,,,,,,
1614,0.0568,9.923213230950976e-06,4.74,1611,,,,,,,,,
1615,0.0504,9.805079740106321e-06,4.75,1612,,,,,,,,,
1616,0.0545,9.686946249261667e-06,4.75,1613,,,,,,,,,
1617,0.0532,9.568812758417011e-06,4.75,1614,,,,,,,,,
1618,0.05,9.450679267572357e-06,4.76,1615,,,,,,,,,
1619,0.0552,9.332545776727702e-06,4.76,1616,,,,,,,,,
1620,0.0545,9.214412285883048e-06,4.76,1617,,,,,,,,,
1621,0.0525,9.096278795038393e-06,4.76,1618,,,,,,,,,
1622,0.0502,8.97814530419374e-06,4.77,1619,,,,,,,,,
1623,0.055,8.860011813349085e-06,4.77,1620,,,,,,,,,
1624,0.0537,8.74187832250443e-06,4.77,1621,,,,,,,,,
1625,0.0551,8.623744831659776e-06,4.78,1622,,,,,,,,,
1626,0.0493,8.505611340815121e-06,4.78,1623,,,,,,,,,
1627,0.0553,8.387477849970467e-06,4.78,1624,,,,,,,,,
1628,0.0521,8.269344359125813e-06,4.79,1625,,,,,,,,,
1629,0.0522,8.151210868281158e-06,4.79,1626,,,,,,,,,
1630,0.0493,8.033077377436504e-06,4.79,1627,,,,,,,,,
1631,0.0516,7.91494388659185e-06,4.79,1628,,,,,,,,,
1632,0.0495,7.796810395747195e-06,4.8,1629,,,,,,,,,
1633,0.054,7.67867690490254e-06,4.8,1630,,,,,,,,,
1634,0.051,7.560543414057885e-06,4.8,1631,,,,,,,,,
1635,0.0508,7.442409923213231e-06,4.81,1632,,,,,,,,,
1636,0.0482,7.324276432368577e-06,4.81,1633,,,,,,,,,
1637,0.0508,7.206142941523921e-06,4.81,1634,,,,,,,,,
1638,0.0533,7.088009450679269e-06,4.82,1635,,,,,,,,,
1639,0.0488,6.969875959834614e-06,4.82,1636,,,,,,,,,
1640,0.0512,6.851742468989959e-06,4.82,1637,,,,,,,,,
1641,0.055,6.733608978145305e-06,4.82,1638,,,,,,,,,
1642,0.0542,6.61547548730065e-06,4.83,1639,,,,,,,,,
1643,0.0491,6.497341996455995e-06,4.83,1640,,,,,,,,,
1644,0.0513,6.379208505611341e-06,4.83,1641,,,,,,,,,
1645,0.0537,6.261075014766686e-06,4.84,1642,,,,,,,,,
1646,0.0528,6.142941523922032e-06,4.84,1643,,,,,,,,,
1647,0.0478,6.0248080330773774e-06,4.84,1644,,,,,,,,,
1648,0.0547,5.906674542232724e-06,4.84,1645,,,,,,,,,
1649,0.0604,5.788541051388069e-06,4.85,1646,,,,,,,,,
1650,0.0557,5.670407560543414e-06,4.85,1647,,,,,,,,,
1651,0.0568,5.55227406969876e-06,4.85,1648,,,,,,,,,
1652,0.0509,5.4341405788541055e-06,4.86,1649,,,,,,,,,
1653,0.0533,5.316007088009451e-06,4.86,1650,,,,,,,,,
1654,0.0482,5.197873597164797e-06,4.86,1651,,,,,,,,,
1655,0.0538,5.0797401063201414e-06,4.87,1652,,,,,,,,,
1656,0.0489,4.961606615475488e-06,4.87,1653,,,,,,,,,
1657,0.0518,4.8434731246308335e-06,4.87,1654,,,,,,,,,
1658,0.0556,4.725339633786178e-06,4.87,1655,,,,,,,,,
1659,0.0477,4.607206142941524e-06,4.88,1656,,,,,,,,,
1660,0.0537,4.48907265209687e-06,4.88,1657,,,,,,,,,
1661,0.0495,4.370939161252215e-06,4.88,1658,,,,,,,,,
1662,0.0529,4.252805670407561e-06,4.89,1659,,,,,,,,,
1663,0.0506,4.134672179562906e-06,4.89,1660,,,,,,,,,
1664,0.0534,4.016538688718252e-06,4.89,1661,,,,,,,,,
1665,0.0521,3.8984051978735975e-06,4.89,1662,,,,,,,,,
1666,0.0516,3.7802717070289427e-06,4.9,1663,,,,,,,,,
1667,0.0515,3.6621382161842883e-06,4.9,1664,,,,,,,,,
1668,0.0544,3.5440047253396343e-06,4.9,1665,,,,,,,,,
1669,0.0531,3.4258712344949795e-06,4.91,1666,,,,,,,,,
1670,0.0587,3.307737743650325e-06,4.91,1667,,,,,,,,,
1671,0.0517,3.1896042528056703e-06,4.91,1668,,,,,,,,,
1672,0.0511,3.071470761961016e-06,4.92,1669,,,,,,,,,
1673,0.0532,2.953337271116362e-06,4.92,1670,,,,,,,,,
1674,0.0487,2.835203780271707e-06,4.92,1671,,,,,,,,,
1675,0.0513,2.7170702894270527e-06,4.92,1672,,,,,,,,,
1676,0.0528,2.5989367985823983e-06,4.93,1673,,,,,,,,,
1677,0.0516,2.480803307737744e-06,4.93,1674,,,,,,,,,
1678,0.0515,2.362669816893089e-06,4.93,1675,,,,,,,,,
1679,0.0561,2.244536326048435e-06,4.94,1676,,,,,,,,,
1680,0.0504,2.1264028352037803e-06,4.94,1677,,,,,,,,,
1681,0.0484,2.008269344359126e-06,4.94,1678,,,,,,,,,
1682,0.0545,1.8901358535144713e-06,4.94,1679,,,,,,,,,
1683,0.0573,1.7720023626698172e-06,4.95,1680,,,,,,,,,
1684,0.0522,1.6538688718251626e-06,4.95,1681,,,,,,,,,
1685,0.0545,1.535735380980508e-06,4.95,1682,,,,,,,,,
1686,0.0527,1.4176018901358536e-06,4.96,1683,,,,,,,,,
1687,0.0493,1.2994683992911992e-06,4.96,1684,,,,,,,,,
1688,0.0503,1.1813349084465446e-06,4.96,1685,,,,,,,,,
1689,0.0502,1.0632014176018902e-06,4.97,1686,,,,,,,,,
1690,0.0511,9.450679267572357e-07,4.97,1687,,,,,,,,,
1691,0.048,8.269344359125813e-07,4.97,1688,,,,,,,,,
1692,0.0503,7.088009450679268e-07,4.97,1689,,,,,,,,,
1693,0.0541,5.906674542232723e-07,4.98,1690,,,,,,,,,
1694,0.0536,4.7253396337861784e-07,4.98,1691,,,,,,,,,
1695,0.0538,3.544004725339634e-07,4.98,1692,,,,,,,,,
1696,0.0501,2.3626698168930892e-07,4.99,1693,,,,,,,,,
1697,0.0544,1.1813349084465446e-07,4.99,1694,,,,,,,,,
1698,0.0551,0.0,4.99,1695,,,,,,,,,
1699,,,4.99,1695,0.1547461599111557,386.2204,13.894,1.737,,,,,
1700,,,4.99,1695,,,,,28348.1641,3.833,0.06,2.201900960144425e+18,0.42155606461397666
